1,anewis0,hPxALL7EsPH,anewis0@phoca.cz,Ashbey,Newis,Male
2,cmacteggart1,7Eqitvp2,cmacteggart1@psu.edu,Clerkclaude,MacTeggart,Male
3,ttetlow2,1D0qeBwT,ttetlow2@fotki.com,Tracey,Tetlow,Female
4,gmcclymont3,3c4JX2cp,gmcclymont3@desdev.cn,Gerrie,McClymont,Male
5,apatington4,ZnYiZrZLO,apatington4@harvard.edu,Alexia,Patington,Female
6,awalling5,XBoaUYBV,awalling5@home.pl,Albert,Walling,Male
7,kbudget6,UG4TlqF,kbudget6@wsj.com,Kaylyn,Budget,Female
8,earlt7,QVLZMsaP,earlt7@smugmug.com,Evelina,Arlt,Female
9,ehowlett8,2zHl6XU,ehowlett8@biglobe.ne.jp,Ermentrude,Howlett,Female
10,sstetlye9,Wo80ow,sstetlye9@elegantthemes.com,Stanleigh,Stetlye,Male
11,omaultbya,08awQ87zjye,omaultbya@statcounter.com,Odette,Maultby,Female
12,adevanneyb,M86yIKmjn,adevanneyb@google.es,Andre,Devanney,Male
13,gmaxwalec,VFSp4OkirJ,gmaxwalec@si.edu,Ginny,Maxwale,Female
14,sfurssed,TWGbRzJ0Avm,sfurssed@google.es,Sunshine,Fursse,Female
15,dgindghille,fMYXEWV,dgindghille@amazon.com,Davie,Gindghill,Male
16,rvosperf,iKcj3JG7XaT,rvosperf@wikipedia.org,Reynold,Vosper,Male
17,dhummerstong,hIv8lStUqbj,dhummerstong@usa.gov,Dacey,Hummerston,Female
18,nmaccourth,sanqIrLOrN,nmaccourth@yale.edu,Noelani,MacCourt,Female
19,rbarradelli,oUy9DGkRN,rbarradelli@ftc.gov,Rayna,Barradell,Female
20,gmathwinj,tkGvrozOPZrH,gmathwinj@w3.org,Gay,Mathwin,Male
21,cderellk,Wcrg7ZAe,cderellk@ihg.com,Candy,Derell,Female
22,mmeharryl,crbCFNxmr8,mmeharryl@creativecommons.org,Malachi,Meharry,Male
23,gmacparlandm,h5GdSdgSz8M,gmacparlandm@abc.net.au,Gherardo,MacParland,Male
24,rmehaffeyn,Br3U3EKqL9yv,rmehaffeyn@acquirethisname.com,Ryan,Mehaffey,Male
25,asailso,GjgAEAFDdt,asailso@census.gov,Aidan,Sails,Female
26,srhymep,eIjHZQDBYs,srhymep@moonfruit.com,Sallie,Rhyme,Female
27,gocuolahanq,IXQwV843X71,gocuolahanq@sbwire.com,Gideon,O' Cuolahan,Male
28,jsabbinr,GENkE1vQtXm2,jsabbinr@lycos.com,Jillene,Sabbin,Female
29,oboggass,FjUcKf,oboggass@umn.edu,Omar,Boggas,Male
30,tbartolomeot,VDVTH0hFiea,tbartolomeot@exblog.jp,Timothea,Bartolomeo,Female
31,rdibdallu,jt6uChe04,rdibdallu@ebay.com,Ray,Dibdall,Female
32,bbuttnerv,hf2M8Tyr,bbuttnerv@netscape.com,Baird,Buttner,Male
33,bwillockw,rGXm4G9,bwillockw@typepad.com,Bartolomeo,Willock,Male
34,rcumingx,NhKEUuXcOs7e,rcumingx@ucoz.ru,Raphaela,Cuming,Female
35,nhaddicky,1sldImYTMvAU,nhaddicky@google.com,Ninetta,Haddick,Female
36,sticicz,ehBIBkzLY,sticicz@livejournal.com,Stefa,Ticic,Female
37,lshales10,nEzspht2qFu9,lshales10@imgur.com,Lamar,Shales,Male
38,nblackhurst11,qs3y3TFqt0,nblackhurst11@liveinternet.ru,Noel,Blackhurst,Female
39,lrubert12,2i3E1Wbzac,lrubert12@wikia.com,Lalo,Rubert,Male
40,cdrover13,GN8gn8iRUTL,cdrover13@skyrock.com,Craggy,Drover,Male
41,lharrild14,K8NWQc,lharrild14@mysql.com,Lorrayne,Harrild,Female
42,mwoolger15,gdj3ic7AvIs,mwoolger15@gravatar.com,Magdaia,Woolger,Female
43,jgatrell16,JAZNNUdsdT,jgatrell16@goo.ne.jp,Jolyn,Gatrell,Female
44,ztwede17,45Hr3A4WkH,ztwede17@hostgator.com,Zabrina,Twede,Female
45,llimbrick18,2dPFO1,llimbrick18@gmpg.org,Laughton,Limbrick,Male
46,lblackwell19,bHLix0pIM,lblackwell19@ft.com,Lennard,Blackwell,Male
47,abartosinski1a,80akOkawq0,abartosinski1a@rediff.com,Ava,Bartosinski,Female
48,rsmeeton1b,YulLhap2KPxg,rsmeeton1b@discovery.com,Rubina,Smeeton,Female
49,cfrie1c,AOJuZZzIQ,cfrie1c@scientificamerican.com,Cassie,Frie,Female
50,mmccloch1d,URIca51BRz5c,mmccloch1d@icio.us,Marshall,McCloch,Male
51,saujouanet1e,PvjNajDD2G,saujouanet1e@netscape.com,Swen,Aujouanet,Male
52,tdodge1f,RT0Rn2K4CQX,tdodge1f@npr.org,Tab,Dodge,Male
53,mresun1g,GByTezOriqM,mresun1g@addtoany.com,Meaghan,Resun,Female
54,mbettison1h,YBYOVMtj5t,mbettison1h@businessweek.com,Mikaela,Bettison,Female
55,cwhiteside1i,aRep6vM8XM6m,cwhiteside1i@discuz.net,Con,Whiteside,Male
56,pkleinfeld1j,NkwV2CBGl,pkleinfeld1j@free.fr,Philipa,Kleinfeld,Female
57,lwoodes1k,wWwxB6Fxj,lwoodes1k@va.gov,Loleta,Woodes,Female
58,hskerme1l,4uQYU9U,hskerme1l@ustream.tv,Harmon,Skerme,Male
59,nsigars1m,xKGPsLmp,nsigars1m@trellian.com,Ninetta,Sigars,Female
60,fockenden1n,EiQC8Nr,fockenden1n@wiley.com,Frances,Ockenden,Female
61,gchidgey1o,nZDAY85,gchidgey1o@salon.com,Glenn,Chidgey,Male
62,fhove1p,KvoI5wUjE,fhove1p@accuweather.com,Fawne,Hove,Female
63,bwyldbore1q,v3rWbupbMguz,bwyldbore1q@github.io,Baron,Wyldbore,Male
64,jabramof1r,KeKKqq7z6KBS,jabramof1r@facebook.com,Jillian,Abramof,Female
65,radelberg1s,DQYiu7vD4gI,radelberg1s@squarespace.com,Rosella,Adelberg,Female
66,mcowwell1t,05P3RWYo,mcowwell1t@eepurl.com,Maiga,Cowwell,Female
67,esmowton1u,57MealHXCt,esmowton1u@soup.io,Ewen,Smowton,Male
68,lmatsell1v,52mxdhhMdZ,lmatsell1v@ehow.com,Lesli,Matsell,Female
69,aumbert1w,yW1fhO,aumbert1w@friendfeed.com,Angie,Umbert,Male
70,ahuerta1x,nPaWTr6p,ahuerta1x@so-net.ne.jp,Adlai,Huerta,Male
71,cyurchenko1y,Dhy227,cyurchenko1y@bbc.co.uk,Candi,Yurchenko,Female
72,hblaney1z,GzFy1ogWJ0,hblaney1z@bravesites.com,Helene,Blaney,Female
73,abaythorp20,NEB49i,abaythorp20@geocities.jp,Adelaide,Baythorp,Female
74,gharbach21,9DC9NuoY,gharbach21@bbb.org,Goran,Harbach,Male
75,rlamberteschi22,lYu95Ud,rlamberteschi22@theglobeandmail.com,Rancell,Lamberteschi,Male
76,llaingmaid23,HfPoRp,llaingmaid23@histats.com,Lizzy,Laingmaid,Female
77,dvonnassau24,5v1vZMM,dvonnassau24@ucoz.com,Dody,von Nassau,Female
78,ccrasswell25,Az1GOUQ,ccrasswell25@angelfire.com,Craggie,Crasswell,Male
79,cglenwright26,4tcwKWHKqLB,cglenwright26@exblog.jp,Carmelia,Glenwright,Female
80,jtresvina27,pI5gwro8EGV,jtresvina27@disqus.com,Jilly,Tresvina,Female
81,mblundell28,275Vv6w,mblundell28@wunderground.com,Myriam,Blundell,Female
82,jhembling29,d2bdq7cUWN,jhembling29@patch.com,Janeczka,Hembling,Female
83,pfrankton2a,DwZ4xiV,pfrankton2a@xrea.com,Prissie,Frankton,Female
84,cmacenelly2b,CKNmr2ZUnvt,cmacenelly2b@so-net.ne.jp,Cordie,MacEnelly,Female
85,dalenin2c,zBYOup,dalenin2c@admin.ch,Deb,Alenin,Female
86,nwiffill2d,gp3cdol9L,nwiffill2d@friendfeed.com,Nelson,Wiffill,Male
87,lasif2e,h8cUuYMp,lasif2e@timesonline.co.uk,Lyon,Asif,Male
88,fgoadsby2f,HHmjT1ruZSC,fgoadsby2f@fotki.com,Florence,Goadsby,Female
89,rdurrans2g,iDC8ME,rdurrans2g@adobe.com,Ruby,Durrans,Male
90,gkmicicki2h,BL4aq3kqs,gkmicicki2h@liveinternet.ru,Genovera,Kmicicki,Female
91,kmaidens2i,arJAXmh,kmaidens2i@gizmodo.com,Kory,Maidens,Male
92,vyosifov2j,nDJ0hjg,vyosifov2j@fema.gov,Venita,Yosifov,Female
93,ssposito2k,1l8G5R7oY,ssposito2k@1688.com,Standford,Sposito,Male
94,tfalconer2l,nebP73VXF,tfalconer2l@netlog.com,Toinette,Falconer,Female
95,xdiboldi2m,siSqbFz40bN6,xdiboldi2m@last.fm,Xerxes,Di Boldi,Male
96,sravenscraft2n,MhRSGn,sravenscraft2n@virginia.edu,Steward,Ravenscraft,Male
97,fheyward2o,DgMJUvq,fheyward2o@earthlink.net,Faydra,Heyward,Female
98,mchristall2p,cvlpUX2ObmB,mchristall2p@bbc.co.uk,Meyer,Christall,Male
99,ngabbitis2q,dddLcDNH82v,ngabbitis2q@oakley.com,Natassia,Gabbitis,Female
100,isellar2r,39uq08G4z,isellar2r@dion.ne.jp,Isak,Sellar,Male
101,sshevell2s,Iwm7Vk,sshevell2s@amazon.com,Scot,Shevell,Male
102,ftitchen2t,A1sduOH0,ftitchen2t@sourceforge.net,Fionnula,Titchen,Female
103,szambon2u,2S91VpEh31,szambon2u@slate.com,Sarine,Zambon,Female
104,kstjohn2v,eoYivmK6lf,kstjohn2v@bizjournals.com,Kirstyn,St. John,Female
105,fmactavish2w,pjTbBk6507Tc,fmactavish2w@washingtonpost.com,Fabian,MacTavish,Male
106,dandren2x,XxLgg4M5p9,dandren2x@is.gd,Devonne,Andren,Female
107,lbehnecken2y,L5wMhHb,lbehnecken2y@ycombinator.com,Lilla,Behnecken,Female
108,sburgisi2z,q35JvjN7e,sburgisi2z@ustream.tv,Sheffy,Burgisi,Male
109,fsaxby30,ICrTDs,fsaxby30@reverbnation.com,Fowler,Saxby,Male
110,imactague31,8OarFoBw,imactague31@slashdot.org,Israel,MacTague,Male
111,aburnyeat32,zutS3tiK0PSk,aburnyeat32@sun.com,Alexandra,Burnyeat,Female
112,jbreakwell33,PfVSstyzkJ9U,jbreakwell33@disqus.com,Jabez,Breakwell,Male
113,byvens34,m8uLTTa,byvens34@ucoz.ru,Blinni,Yvens,Female
114,amalinowski35,VGREi3EwN7Xd,amalinowski35@japanpost.jp,Ardelis,Malinowski,Female
115,ljacox36,W6z2jRnV,ljacox36@wiley.com,Linda,Jacox,Female
116,khuchot37,IlCAEmT,khuchot37@indiatimes.com,Kenon,Huchot,Male
117,crodda38,8a28m3j,crodda38@economist.com,Cletus,Rodda,Male
118,lmarin39,jcLDa13Zrzb,lmarin39@guardian.co.uk,Lark,Marin,Female
119,acrown3a,bsYqhbl,acrown3a@sun.com,Alfonso,Crown,Male
120,legel3b,rHx8esT,legel3b@disqus.com,Louise,Egel,Female
121,pdoxey3c,UU1olRu3jTPQ,pdoxey3c@rakuten.co.jp,Pete,Doxey,Male
122,kelecum3d,F3U8X1XxcMP5,kelecum3d@ebay.co.uk,Kizzee,Elecum,Female
123,akilduff3e,f1d2gi,akilduff3e@microsoft.com,Augustine,Kilduff,Male
124,ajoel3f,0WWa9ZUZnKyb,ajoel3f@hud.gov,Ardra,Joel,Female
125,ldelahay3g,O7vn7FqwOe,ldelahay3g@blinklist.com,Lauree,De La Hay,Female
126,emastrantone3h,4NqA0XfoSt,emastrantone3h@wisc.edu,Edgard,Mastrantone,Male
127,lmussett3i,rQKPUGjIX,lmussett3i@marketwatch.com,Ladonna,Mussett,Female
128,wstango3j,U0rDsGX5f,wstango3j@admin.ch,Wallache,Stango,Male
129,hbeckensall3k,mnfOrZEcjSu,hbeckensall3k@whitehouse.gov,Hadleigh,Beckensall,Male
130,kponsford3l,8soc6B,kponsford3l@wix.com,Klement,Ponsford,Male
131,dcrispin3m,GRpR5GU,dcrispin3m@blogs.com,Darcee,Crispin,Female
132,pkleinstein3n,nyE0zGo6,pkleinstein3n@stanford.edu,Pippy,Kleinstein,Female
133,patkinson3o,Yi0a4hkq26v,patkinson3o@digg.com,Peria,Atkinson,Female
134,jmacleese3p,9bjSPsYt,jmacleese3p@google.com.au,Joelle,MacLeese,Female
135,fcamus3q,zTGiNP,fcamus3q@pbs.org,Forbes,Camus,Male
136,jmoulds3r,dhbI4O,jmoulds3r@mapquest.com,Julia,Moulds,Female
137,cmacallam3s,VFiDqRu23Pax,cmacallam3s@usnews.com,Cedric,Macallam,Male
138,acastellaccio3t,AA9uUXR397g,acastellaccio3t@360.cn,Aristotle,Castellaccio,Male
139,wchilds3u,SbXpRGM,wchilds3u@netlog.com,Westley,Childs,Male
140,kticic3v,Qr4Cia,kticic3v@clickbank.net,Klara,Ticic,Female
141,kventura3w,0jIab0mxfs,kventura3w@sphinn.com,Kristy,Ventura,Female
142,rorpyne3x,Jbhe6beZWIeB,rorpyne3x@ifeng.com,Robby,Orpyne,Male
143,rohegertie3y,TmnQBS,rohegertie3y@e-recht24.de,Rene,O'Hegertie,Male
144,gkippin3z,2HtQWb,gkippin3z@nba.com,Gerri,Kippin,Female
145,thebble40,TzNnmbqbGugv,thebble40@marketwatch.com,Therese,Hebble,Female
146,ahallin41,DTjtBpSGJl,ahallin41@canalblog.com,Adeline,Hallin,Female
147,ewale42,Fi3nK3XEk,ewale42@mail.ru,Emmi,Wale,Female
148,ppray43,BUu0aP,ppray43@disqus.com,Pablo,Pray,Male
149,gdraycott44,IjzTQ6yJ,gdraycott44@harvard.edu,Ginger,Draycott,Female
150,eashpole45,bq7uLqpK6Vkf,eashpole45@ehow.com,Edsel,Ashpole,Male
151,slain46,Zg6wPL77b,slain46@mit.edu,Sky,Lain,Male
152,lferentz47,y8lwIh,lferentz47@yellowpages.com,Liuka,Ferentz,Female
153,gwoodhead48,ylBrIquHzai,gwoodhead48@wunderground.com,Gerry,Woodhead,Male
154,mcushe49,fPjoNc,mcushe49@skyrock.com,Martita,Cushe,Female
155,cmennell4a,o0VurI,cmennell4a@fastcompany.com,Cherida,Mennell,Female
156,pgreenroyd4b,ZLR6pg1,pgreenroyd4b@google.ca,Piggy,Greenroyd,Male
157,jcharpin4c,kzPTmBb1vW,jcharpin4c@si.edu,Justino,Charpin,Male
158,wthirlwall4d,hHRY2VOw,wthirlwall4d@devhub.com,Winnah,Thirlwall,Female
159,clehmann4e,5wUPsBjPzHPn,clehmann4e@pagesperso-orange.fr,Cristina,Lehmann,Female
160,gtomenson4f,sz8n4CgbpVtV,gtomenson4f@google.it,Giusto,Tomenson,Male
161,froos4g,nLAawQIcj1,froos4g@intel.com,Fanechka,Roos,Female
162,mmartino4h,8d6k7mRw9,mmartino4h@bbb.org,Margaux,Martino,Female
163,evivers4i,YGh9vWwtnvs,evivers4i@hugedomains.com,Ema,Vivers,Female
164,abirts4j,jjHuYk49AT,abirts4j@soundcloud.com,Auberta,Birts,Female
165,lwillingale4k,MIo5GE,lwillingale4k@narod.ru,Lotte,Willingale,Female
166,mmorrilly4l,VChJ0WeYh,mmorrilly4l@parallels.com,Moreen,Morrilly,Female
167,gshillito4m,B9EVkeBMHi,gshillito4m@youtu.be,Grenville,Shillito,Male
168,fporrett4n,90XlfhXscnY,fporrett4n@furl.net,Frederik,Porrett,Male
169,dgovey4o,kke2pFh,dgovey4o@google.nl,Deane,Govey,Female
170,adomel4p,JCGCMMEb4Vn,adomel4p@t-online.de,Adriana,Domel,Female
171,bwoodcraft4q,0xD1hItiK,bwoodcraft4q@edublogs.org,Brett,Woodcraft,Female
172,rpizzey4r,zxPbS2,rpizzey4r@imgur.com,Rora,Pizzey,Female
173,dpresnall4s,DPWIruL4JD,dpresnall4s@51.la,Dixie,Presnall,Female
174,dmahaddie4t,3nSHnI,dmahaddie4t@smh.com.au,Drucie,Mahaddie,Female
175,cdowry4u,UdPxeUL3,cdowry4u@360.cn,Clementia,Dowry,Female
176,mstaden4v,hg04gd3KB10,mstaden4v@about.me,Moselle,Staden,Female
177,rbotton4w,jLIi0vgB,rbotton4w@about.com,Ree,Botton,Female
178,alowde4x,E3AufYw7,alowde4x@gravatar.com,Ardath,Lowde,Female
179,fmalkin4y,08XeNbZQd,fmalkin4y@odnoklassniki.ru,Florian,Malkin,Male
180,sboshard4z,c9YUeP6,sboshard4z@disqus.com,Shaylah,Boshard,Female
181,racock50,pYzlEu,racock50@abc.net.au,Ricard,Acock,Male
182,alast51,v7gjJC4fcVgc,alast51@odnoklassniki.ru,Antony,Last,Male
183,oonowlan52,RK27Vmh,oonowlan52@fda.gov,Othilie,O'Nowlan,Female
184,evalentin53,0QlXleuwhIg,evalentin53@tripod.com,Egbert,Valentin,Male
185,jviel54,Ujrrj4,jviel54@sourceforge.net,Jamaal,Viel,Male
186,mseth55,WW6cwoGx9,mseth55@artisteer.com,Millie,Seth,Female
187,mbudibent56,Ye8530L6,mbudibent56@cocolog-nifty.com,Maria,Budibent,Female
188,droon57,PGL9jAjs8Q,droon57@amazonaws.com,Dietrich,Roon,Male
189,jshepherdson58,cWP8xUuD,jshepherdson58@ucoz.com,Jonell,Shepherdson,Female
190,lmatussevich59,vFtxHNhuG,lmatussevich59@dailymail.co.uk,Lock,Matussevich,Male
191,bbaggarley5a,cKDZOt40j,bbaggarley5a@comsenz.com,Bab,Baggarley,Female
192,jrickcord5b,wNhMUYZyp,jrickcord5b@techcrunch.com,Johnathon,Rickcord,Male
193,khordell5c,AP5BSCPx5eiS,khordell5c@apache.org,Krystal,Hordell,Female
194,kstudman5d,LDbuAB9,kstudman5d@biglobe.ne.jp,Kaine,Studman,Male
195,mgaymer5e,YQ17OMQFG,mgaymer5e@ebay.co.uk,Monah,Gaymer,Female
196,gmcmackin5f,7xdYLnHw,gmcmackin5f@meetup.com,Gearard,McMackin,Male
197,pferne5g,y2rHP6,pferne5g@lulu.com,Pail,Ferne,Male
198,mkissick5h,xPrEIBbPQo,mkissick5h@nationalgeographic.com,Madison,Kissick,Male
199,omaine5i,auLyp5Lww6o9,omaine5i@biglobe.ne.jp,Orlan,Maine,Male
200,aportam5j,YlcBWH3,aportam5j@businesswire.com,Arne,Portam,Male
201,mucchino5k,jcphqhgs,mucchino5k@indiegogo.com,Maighdiln,Ucchino,Female
202,shayne5l,tHiiDhsV,shayne5l@nhs.uk,Sharai,Hayne,Female
203,sgergolet5m,urGyj490,sgergolet5m@nba.com,Shermie,Gergolet,Male
204,lvenable5n,USPyazc,lvenable5n@ucsd.edu,Louie,Venable,Male
205,bkamienski5o,OL3e2EH99e,bkamienski5o@ask.com,Brenna,Kamienski,Female
206,kmochan5p,nQ2KRZkyzM5,kmochan5p@dell.com,Kale,Mochan,Male
207,mbendtsen5q,Cc2ImeOf,mbendtsen5q@instagram.com,Michaelina,Bendtsen,Female
208,cramsey5r,LpnkgTDc,cramsey5r@comcast.net,Codi,Ramsey,Male
209,aaskwith5s,ukjrJ8MwtuWB,aaskwith5s@scientificamerican.com,Austin,Askwith,Female
210,lloughnan5t,rh2vncQWMfoE,lloughnan5t@ovh.net,Latrina,Loughnan,Female
211,mcruickshanks5u,myPSzFxtqA,mcruickshanks5u@sakura.ne.jp,Myrlene,Cruickshanks,Female
212,rvallens5v,BDkStDCqMUue,rvallens5v@yelp.com,Reta,Vallens,Female
213,cjandl5w,1GW19lq,cjandl5w@parallels.com,Carmina,Jandl,Female
214,scampkin5x,kBloI9fQ,scampkin5x@oracle.com,Solly,Campkin,Male
215,lquarton5y,vSiEaIFeA,lquarton5y@tmall.com,Linoel,Quarton,Male
216,klathe5z,ooPCJYCMwzka,klathe5z@weebly.com,Kyla,Lathe,Female
217,hshirrell60,txSDJTzT,hshirrell60@pbs.org,Hyacinthia,Shirrell,Female
218,htutt61,01ASlU,htutt61@4shared.com,Harlie,Tutt,Female
219,arivelin62,eqC1fw1iy,arivelin62@java.com,Aindrea,Rivelin,Female
220,avaar63,LDtd2xJCxz,avaar63@odnoklassniki.ru,Alina,Vaar,Female
221,brannigan64,tuJQqBkFB,brannigan64@miibeian.gov.cn,Biddy,Rannigan,Female
222,lector65,enSqqJpl6,lector65@eventbrite.com,Lindsey,Ector,Male
223,kfilipov66,XGdljyg77e7i,kfilipov66@huffingtonpost.com,Kevyn,Filipov,Female
224,dgonzalvo67,6zp77COVAHo,dgonzalvo67@live.com,Dale,Gonzalvo,Female
225,oparsell68,WfOcvDmQ0,oparsell68@google.co.jp,Oates,Parsell,Male
226,eethridge69,9DvN1lF8m7Q,eethridge69@oakley.com,Ebba,Ethridge,Female
227,bacland6a,3WWrDogBbZ4,bacland6a@livejournal.com,Babs,Acland,Female
228,tlevis6b,YDhsaywFVZ,tlevis6b@blogtalkradio.com,Tyrus,Levis,Male
229,hgarshore6c,HGcA7J,hgarshore6c@phoca.cz,Heinrick,Garshore,Male
230,byoselevitch6d,K9m4hsuAfC,byoselevitch6d@naver.com,Blinni,Yoselevitch,Female
231,xeakeley6e,W9KrLs0EWx,xeakeley6e@sitemeter.com,Xaviera,Eakeley,Female
232,njaulme6f,W9djvx8,njaulme6f@posterous.com,Natasha,Jaulme,Female
233,rduckett6g,F9dTc8jrl,rduckett6g@microsoft.com,Rae,Duckett,Female
234,sbruff6h,FtNsvV,sbruff6h@storify.com,Storm,Bruff,Female
235,tstear6i,xK2aMbAZ,tstear6i@twitter.com,Tedd,Stear,Male
236,descala6j,Nx3sxh1,descala6j@ovh.net,Demott,Escala,Male
237,jrackley6k,sHlYsKPhfo,jrackley6k@ucla.edu,Jone,Rackley,Male
238,llermit6l,QM1ZXSVQ,llermit6l@usnews.com,Lark,Lermit,Female
239,mbellfield6m,UbK378s6,mbellfield6m@howstuffworks.com,Madelyn,Bellfield,Female
240,rbugg6n,Rr33LA,rbugg6n@studiopress.com,Romain,Bugg,Male
241,acrankhorn6o,c9D0KSNXLnh,acrankhorn6o@shop-pro.jp,Arlinda,Crankhorn,Female
242,lcosyns6p,TmJaSW2,lcosyns6p@sohu.com,Leonhard,Cosyns,Male
243,wleaning6q,mkKX8r,wleaning6q@privacy.gov.au,Winny,Leaning,Male
244,cbelasco6r,4bJ5QCV,cbelasco6r@yolasite.com,Carolyne,Belasco,Female
245,nblaskett6s,8zroB5xMzW93,nblaskett6s@privacy.gov.au,Nehemiah,Blaskett,Male
246,cdevany6t,FW0BSiQExN3U,cdevany6t@businessinsider.com,Calli,Devany,Female
247,afreer6u,1w1dmaRnQ,afreer6u@spiegel.de,Amargo,Freer,Female
248,emenicomb6v,g1ayE6usA,emenicomb6v@exblog.jp,Eleanore,Menicomb,Female
249,hbeeke6w,RxXSmOh3HF,hbeeke6w@sakura.ne.jp,Hamlin,Beeke,Male
250,kgoodright6x,VW5TC7L6,kgoodright6x@oracle.com,Kaine,Goodright,Male
251,mmelburg6y,ozMZX3hn9,mmelburg6y@mysql.com,Marwin,Melburg,Male
252,sconcklin6z,rwj4XwFm,sconcklin6z@deviantart.com,Sarina,Concklin,Female
253,tbrewitt70,7WDrS7,tbrewitt70@e-recht24.de,Travus,Brewitt,Male
254,bambrosini71,YY6s6whp,bambrosini71@usda.gov,Barbra,Ambrosini,Female
255,cleathem72,qSYnXwzE,cleathem72@cocolog-nifty.com,Carita,Leathem,Female
256,mwindross73,EZTbKKQBU0,mwindross73@wordpress.com,Matthias,Windross,Male
257,rspence74,G0jQJ6q28sN,rspence74@state.tx.us,Rochell,Spence,Female
258,zclucas75,EYlMxr,zclucas75@nymag.com,Zilvia,Clucas,Female
259,gmcanalley76,XxfZhnm5IBWN,gmcanalley76@flavors.me,Glynis,McAnalley,Female
260,bhowick77,1iPiPIt8hU,bhowick77@techcrunch.com,Brucie,Howick,Male
261,gpigne78,Q9Uor3,gpigne78@t-online.de,Gilbertine,Pigne,Female
262,ddaniello79,bLvC6OAEEI,ddaniello79@walmart.com,Daven,Daniello,Male
263,blefleming7a,RoW3YZrA,blefleming7a@ifeng.com,Barri,Le Fleming,Male
264,mnoblet7b,0hMgk23tWnO,mnoblet7b@dyndns.org,Murielle,Noblet,Female
265,cjoy7c,WQ0HcI6LeXAF,cjoy7c@newyorker.com,Conni,Joy,Female
266,dsomerville7d,LfbIwY,dsomerville7d@google.fr,Douglas,Somerville,Male
267,bcustance7e,IC4GMX,bcustance7e@senate.gov,Blisse,Custance,Female
268,ehardisty7f,qGTbntR0aeV,ehardisty7f@deliciousdays.com,Edik,Hardisty,Male
269,jswanborrow7g,iwoAH1Ph,jswanborrow7g@opera.com,Jameson,Swanborrow,Male
270,edyerson7h,HRxQzZFlQP,edyerson7h@typepad.com,Ethelind,Dyerson,Female
271,jyanez7i,oVAxzZ,jyanez7i@wix.com,Joelly,Yanez,Female
272,bnewiss7j,FU1WXvcHNF,bnewiss7j@zdnet.com,Bridie,Newiss,Female
273,woshevlan7k,6eQJipI,woshevlan7k@stumbleupon.com,Wittie,O'Shevlan,Male
274,jdebow7l,0sXBSrcUen1,jdebow7l@google.com.br,Jilleen,Debow,Female
275,cseary7m,CScsoyLd,cseary7m@redcross.org,Constanta,Seary,Female
276,kbraysher7n,RS8059LujARf,kbraysher7n@gov.uk,Kaylil,Braysher,Female
277,cfearns7o,pROVNLY4z,cfearns7o@sun.com,Cristobal,Fearns,Male
278,mbroyd7p,IPDjOX,mbroyd7p@stumbleupon.com,Malissia,Broyd,Female
279,siffland7q,J2JFTJupRC,siffland7q@abc.net.au,Sianna,Iffland,Female
280,jglencrosche7r,m6cI8YIb7,jglencrosche7r@odnoklassniki.ru,Jerry,Glencrosche,Female
281,mdust7s,FHz7xDqvvHE,mdust7s@ovh.net,Myrle,Dust,Female
282,ddowsett7t,EnBCVZulyQMT,ddowsett7t@gravatar.com,Donovan,Dowsett,Male
283,keliasson7u,qWey21,keliasson7u@ox.ac.uk,Kimbell,Eliasson,Male
284,bcompson7v,bDfOfy,bcompson7v@un.org,Bren,Compson,Female
285,ibonnor7w,VLhFksPq0C,ibonnor7w@bing.com,Inglebert,Bonnor,Male
286,cbreitler7x,12R9fIBbpa0,cbreitler7x@wikimedia.org,Che,Breitler,Male
287,lorht7y,pr6VIM4tmVO,lorht7y@va.gov,Lucita,Orht,Female
288,kwhittier7z,KZlgO1mA0,kwhittier7z@desdev.cn,Kelila,Whittier,Female
289,pboseley80,wkPFVQqO1n,pboseley80@youku.com,Paulie,Boseley,Male
290,ztrehearn81,uFaDzN,ztrehearn81@ibm.com,Zollie,Trehearn,Male
291,isprouls82,8PllOv,isprouls82@rediff.com,Inna,Sprouls,Female
292,nfynes83,8mLe1p,nfynes83@last.fm,Nester,Fynes,Male
293,nadacot84,zvOjDvNl,nadacot84@indiatimes.com,Nahum,Adacot,Male
294,mhovee85,6siH8Hei,mhovee85@kickstarter.com,Mavis,Hovee,Female
295,fburdge86,jwqOV8pAmXH,fburdge86@free.fr,Freda,Burdge,Female
296,kmilnes87,Rvo6tg1,kmilnes87@tinypic.com,Kriste,Milnes,Female
297,acastiglioni88,iapw6m,acastiglioni88@naver.com,Alastair,Castiglioni,Male
298,bbeadnall89,X5hCZG,bbeadnall89@miitbeian.gov.cn,Bernhard,Beadnall,Male
299,ckleinschmidt8a,EvjdL805Ig,ckleinschmidt8a@tuttocitta.it,Carolus,Kleinschmidt,Male
300,morgee8b,kdHt1d,morgee8b@census.gov,Marketa,Orgee,Female
301,asleeny8c,3LiVCSK4Xut,asleeny8c@sakura.ne.jp,Alexis,Sleeny,Male
302,dhobble8d,XLVmEBQP1Io,dhobble8d@1688.com,Dora,Hobble,Female
303,ckarpenya8e,vsU9aPEE06LF,ckarpenya8e@purevolume.com,Chrotoem,Karpenya,Male
304,nbarmadier8f,Ttk8TL18muQ1,nbarmadier8f@tamu.edu,Ninnetta,Barmadier,Female
305,dchrystie8g,VBvNwiE6jwO,dchrystie8g@printfriendly.com,Danita,Chrystie,Female
306,dnassau8h,bjykmubthH,dnassau8h@last.fm,Daryl,Nassau,Male
307,jbase8i,uWytxGujmSJ,jbase8i@telegraph.co.uk,Jule,Base,Male
308,nweavers8j,9eUYWsLw0s,nweavers8j@sina.com.cn,Noami,Weavers,Female
309,hhugo8k,YDmq5Ib,hhugo8k@reverbnation.com,Herculie,Hugo,Male
310,aborless8l,nRMz0D3ptw,aborless8l@unblog.fr,Anna-diana,Borless,Female
311,lbirdsall8m,t1Ij14Fl7Au,lbirdsall8m@dailymail.co.uk,Larine,Birdsall,Female
312,tgwyneth8n,KRT0tKVTmrj,tgwyneth8n@posterous.com,Thadeus,Gwyneth,Male
313,gkedward8o,ZkvZMkp,gkedward8o@creativecommons.org,Georgie,Kedward,Male
314,jlavelle8p,LYDYRA4MhN,jlavelle8p@1und1.de,Jaclin,Lavelle,Female
315,rtouhig8q,ny4Usr4Zb9tq,rtouhig8q@washingtonpost.com,Reinhard,Touhig,Male
316,gscanderet8r,0R2oSrV2V34,gscanderet8r@woothemes.com,Gracia,Scanderet,Female
317,gshowl8s,yh5r9Jug,gshowl8s@ovh.net,Gordon,Showl,Male
318,wflanders8t,0dmklV3jLF,wflanders8t@constantcontact.com,Willi,Flanders,Male
319,bsalack8u,Rwc0MmSt3,bsalack8u@timesonline.co.uk,Berthe,Salack,Female
320,mtrimbey8v,GxfbrzqnZR,mtrimbey8v@google.com.au,Maribel,Trimbey,Female
321,jmacconnechie8w,Y2IY0P1,jmacconnechie8w@trellian.com,Jacqueline,MacConnechie,Female
322,emicheau8x,9LPt0wwTJf,emicheau8x@ow.ly,Emmalee,Micheau,Female
323,ebeecker8y,GODzwuq,ebeecker8y@wsj.com,Ediva,Beecker,Female
324,lbaylay8z,jsyknN6tEIk,lbaylay8z@wunderground.com,Lorenza,Baylay,Female
325,pchevolleau90,MMGGD5C6r,pchevolleau90@youku.com,Porty,Chevolleau,Male
326,gleathley91,9nvVFxeHB,gleathley91@prweb.com,Gabrila,Leathley,Female
327,mjoao92,jNXaizBX,mjoao92@smugmug.com,Marcile,Joao,Female
328,iboyce93,BiuCFqgZep,iboyce93@cnn.com,Isidro,Boyce,Male
329,lpankhurst94,IRRmfvS,lpankhurst94@redcross.org,Les,Pankhurst.,Male
330,genston95,ls80tk,genston95@pen.io,Garald,Enston,Male
331,pdonnell96,BtCOIUmqu,pdonnell96@dmoz.org,Portia,Donnell,Female
332,bmasedon97,bPGpmU1mw,bmasedon97@bravesites.com,Benita,Masedon,Female
333,gstoodley98,riAxbaOKfDc,gstoodley98@slate.com,Gennifer,Stoodley,Female
334,dmatanin99,TfqwtRe80,dmatanin99@hc360.com,Dolores,Matanin,Female
335,ggrose9a,Y9JQCY6nir,ggrose9a@facebook.com,Grethel,Grose,Female
336,boldridge9b,GpJbIzKmXH,boldridge9b@comcast.net,Berkeley,Oldridge,Male
337,pnethercott9c,KFVRmzs7sRY,pnethercott9c@zimbio.com,Pavel,Nethercott,Male
338,phawksworth9d,irvUnp,phawksworth9d@msu.edu,Pincus,Hawksworth,Male
339,jlawman9e,zEM45M2EroYS,jlawman9e@dell.com,Julina,Lawman,Female
340,arittmeyer9f,38BkHQNZ7g,arittmeyer9f@yahoo.co.jp,Asher,Rittmeyer,Male
341,jyurukhin9g,06SATt,jyurukhin9g@youku.com,Jareb,Yurukhin,Male
342,rmacard9h,rdeYk3UTaarA,rmacard9h@odnoklassniki.ru,Ruttger,MacArd,Male
343,cmcavaddy9i,qYHod3yJ8uUS,cmcavaddy9i@oakley.com,Codee,McAvaddy,Female
344,ameharry9j,5N4ThL9,ameharry9j@mapquest.com,Allyn,Meharry,Male
345,csutcliff9k,7Y4ZThjZ,csutcliff9k@latimes.com,Cacilia,Sutcliff,Female
346,bporker9l,ywlMLcKBk7,bporker9l@google.de,Blinni,Porker,Female
347,lduplock9m,nNGOcYlUi,lduplock9m@usgs.gov,Levy,Duplock,Male
348,brushbrook9n,X12YqGuM,brushbrook9n@fotki.com,Bing,Rushbrook,Male
349,orobins9o,ejbFToE,orobins9o@abc.net.au,Owen,Robins,Male
350,sgreschke9p,RiubjW5,sgreschke9p@networksolutions.com,Stuart,Greschke,Male
351,hmattheeuw9q,QUcdbcOVcV,hmattheeuw9q@wordpress.com,Hi,Mattheeuw,Male
352,mkeach9r,TBfuIj9iJo,mkeach9r@indiegogo.com,Maurice,Keach,Male
353,lransome9s,1iTYL6,lransome9s@cbc.ca,Luigi,Ransome,Male
354,dfyfield9t,FxQwkp5XL,dfyfield9t@blog.com,Des,Fyfield,Male
355,dnottle9u,23RhIVp9BHuM,dnottle9u@t-online.de,Dani,Nottle,Female
356,hpandie9v,DF7HNY,hpandie9v@yelp.com,Honoria,Pandie,Female
357,fguiduzzi9w,i1kJaUZ2Kx,fguiduzzi9w@de.vu,Forest,Guiduzzi,Male
358,aoppery9x,WltV5xB,aoppery9x@answers.com,Antone,Oppery,Male
359,fpowell9y,oOnrgTdh9,fpowell9y@netvibes.com,Forrest,Powell,Male
360,ffollan9z,Ix4lcHyo4e1f,ffollan9z@hibu.com,Franzen,Follan,Male
361,gfurleya0,T34LVUdKLSA,gfurleya0@umn.edu,Grant,Furley,Male
362,jdrinkwatera1,7EGerBuQ,jdrinkwatera1@last.fm,Jacky,Drinkwater,Male
363,ateasera2,kz0mk3zGZBM,ateasera2@exblog.jp,Adorne,Teaser,Female
364,onewarka3,IiVJWST,onewarka3@senate.gov,Omar,Newark,Male
365,hsimonazzia4,3TbmDQlS,hsimonazzia4@theguardian.com,Hetty,Simonazzi,Female
366,sgionettittia5,B0SZPlMqNRe,sgionettittia5@princeton.edu,Shaine,Gionettitti,Female
367,craveaua6,h15mkb53xOFc,craveaua6@zimbio.com,Cart,Raveau,Male
368,bduera7,nusOaC,bduera7@mapquest.com,Base,Duer,Male
369,kobbarda8,ViNTal9jS7,kobbarda8@about.me,Kath,Obbard,Female
370,dsweetinga9,rkuOcw,dsweetinga9@smh.com.au,Dreddy,Sweeting,Female
371,cchesnayaa,LFh4vTvAXIb,cchesnayaa@rambler.ru,Cami,Chesnay,Female
372,ndebruinab,UZFxwU,ndebruinab@google.fr,Nessa,De Bruin,Female
373,yfessbyac,ncrdbXmT,yfessbyac@furl.net,Yorgo,Fessby,Male
374,jhanburybrownad,2uxq9y3xR,jhanburybrownad@marriott.com,Joachim,Hanbury-Brown,Male
375,cdunkirkae,7HzxS4MHXBbP,cdunkirkae@icq.com,Cecil,Dunkirk,Female
376,clewtonaf,yXAtgO,clewtonaf@globo.com,Codi,Lewton,Male
377,fcourtinag,LlK9Ylbspm7Z,fcourtinag@mail.ru,Francois,Courtin,Male
378,wmannakeeah,90NCN8N,wmannakeeah@about.com,Worthy,Mannakee,Male
379,hstanburyai,0mUsSV,hstanburyai@unicef.org,Harley,Stanbury,Female
380,mbirtwellaj,BKvM1zaBRb,mbirtwellaj@google.nl,Marsh,Birtwell,Male
381,bmacgaughieak,fUzaWy,bmacgaughieak@bloglines.com,Brooks,MacGaughie,Male
382,abrocksal,9SAonVPa,abrocksal@etsy.com,Ailsun,Brocks,Female
383,ltremolletam,o6Y14c8yweyF,ltremolletam@vkontakte.ru,Lenka,Tremollet,Female
384,hleggsan,AV5pNj,hleggsan@mac.com,Humphrey,Leggs,Male
385,awinneyao,SYFgzP3ehUY2,awinneyao@aboutads.info,Ardis,Winney,Female
386,mslimmonap,TadPbP,mslimmonap@ft.com,Marijn,Slimmon,Male
387,fgeockleaq,UopDOfNg,fgeockleaq@apache.org,Fay,Geockle,Female
388,kstavear,J56XexUNQIN,kstavear@amazon.de,Kerwin,Stave,Male
389,kboylinas,v8L5hZ4uv2d,kboylinas@imageshack.us,Karyn,Boylin,Female
390,bmacfieat,udLEqD0py,bmacfieat@java.com,Blinny,MacFie,Female
391,egauchierau,6AjlXeQ88SgV,egauchierau@miitbeian.gov.cn,Eugene,Gauchier,Male
392,dberkaav,tRORNNJnB,dberkaav@ebay.co.uk,Dew,Berka,Male
393,jwatersonaw,0dJXrGhq,jwatersonaw@yahoo.com,Janey,Waterson,Female
394,rdimmackax,T5htCXNpfXg0,rdimmackax@printfriendly.com,Rori,Dimmack,Female
395,kbremmellay,OQXavO,kbremmellay@tripadvisor.com,Kenon,Bremmell,Male
396,dtemplaraz,V6a1byvzj9W,dtemplaraz@studiopress.com,Dodi,Templar,Female
397,mferreirob0,cuUdPh,mferreirob0@ucsd.edu,Maddy,Ferreiro,Male
398,aheddenb1,Cx7A4jw,aheddenb1@scientificamerican.com,Aubrey,Hedden,Male
399,hreignoldsb2,9zVQw8z,hreignoldsb2@google.de,Humfrid,Reignolds,Male
400,aomarb3,p8nOOA5Pn,aomarb3@chronoengine.com,Alaine,Omar,Female
401,bmitrovicb4,ZVTgPtL,bmitrovicb4@gmpg.org,Basile,Mitrovic,Male
402,fetchesb5,RW1gCUe,fetchesb5@rakuten.co.jp,Finley,Etches,Male
403,rfillinghamb6,wv6dM2ctO,rfillinghamb6@deliciousdays.com,Richie,Fillingham,Male
404,kjubbb7,iXEdfhoiVhCO,kjubbb7@europa.eu,Krishnah,Jubb,Male
405,odanshinb8,xiG2Deu,odanshinb8@google.es,Oates,Danshin,Male
406,pmashalb9,lWWQAhCnqe,pmashalb9@google.com.br,Pauly,Mashal,Female
407,eshowalterba,yqMbFK7hC349,eshowalterba@phoca.cz,Eleanore,Showalter,Female
408,akelshawbb,6mtlvV5uj,akelshawbb@auda.org.au,Austin,Kelshaw,Female
409,kbeloebc,beIPK7wxLd,kbeloebc@about.me,Keefe,Beloe,Male
410,cburstowebd,KtETT285,cburstowebd@washingtonpost.com,Corney,Burstowe,Male
411,hbalstonbe,8eZlbBrhY,hbalstonbe@imgur.com,Hedwiga,Balston,Female
412,ggettingsbf,MhEIUNX,ggettingsbf@npr.org,Gabriellia,Gettings,Female
413,bbrabanbg,uEsgaH,bbrabanbg@jigsy.com,Berk,Braban,Male
414,uboambh,8dOFmAFK5h,uboambh@tamu.edu,Uri,Boam,Male
415,gdogertybi,IoWoyJ7,gdogertybi@amazon.com,Grier,Dogerty,Female
416,cebdonbj,okthCKry,cebdonbj@nature.com,Cariotta,Ebdon,Female
417,mzamorabk,JbusAV,mzamorabk@hud.gov,Mallory,Zamora,Male
418,mgodsellbl,WsL9Ajl,mgodsellbl@so-net.ne.jp,Montgomery,Godsell,Male
419,fpoinsettbm,smDG1lVJbY,fpoinsettbm@prnewswire.com,Forbes,Poinsett,Male
420,rhowiesonbn,H9jHOynD,rhowiesonbn@xrea.com,Reese,Howieson,Male
421,nleighbo,8TQAinNoO,nleighbo@dmoz.org,Nert,Leigh,Female
422,eoolahanbp,6mpJVoBe6Ae,eoolahanbp@sciencedirect.com,Esmaria,Oolahan,Female
423,igorsbq,XDLNW0zXWLu,igorsbq@ihg.com,Iggie,Gors,Male
424,alantiffebr,Mc0TVvW,alantiffebr@blogspot.com,Arlana,Lantiffe,Female
425,jvannebs,SMm44fJbO,jvannebs@sciencedirect.com,Jobyna,Vanne,Female
426,obentbt,l0broW,obentbt@google.com,Odessa,Bent,Female
427,nbarrasbu,K28D0c,nbarrasbu@artisteer.com,Neely,Barras,Female
428,nnarebv,mecNXLiAnoow,nnarebv@odnoklassniki.ru,Nestor,Nare,Male
429,froundsbw,Q26YMyUIFwH,froundsbw@com.com,Fidelio,Rounds,Male
430,cretterbx,EppB1WDvqYlZ,cretterbx@blog.com,Claresta,Retter,Female
431,jrohlfsby,R9K4y0Lu2rkQ,jrohlfsby@ibm.com,Jesse,Rohlfs,Male
432,djakoubekbz,jkFV4HU83Sb,djakoubekbz@taobao.com,Dallon,Jakoubek,Male
433,wbenboughc0,9yXIQ4V37PbZ,wbenboughc0@edublogs.org,Wyndham,Benbough,Male
434,hbechc1,wn0rotSh,hbechc1@ustream.tv,Hamlin,Bech,Male
435,dlarosec2,8oiFN0JAxTc,dlarosec2@cpanel.net,Dan,Larose,Male
436,bbarlthropc3,iCjD1G47jAOt,bbarlthropc3@symantec.com,Bron,Barlthrop,Male
437,rjarvillec4,xb12ML,rjarvillec4@wikimedia.org,Roosevelt,Jarville,Male
438,ftreleasec5,TUE6v5,ftreleasec5@tripadvisor.com,Fredericka,Trelease,Female
439,jbarkesc6,LyBifvN,jbarkesc6@gmpg.org,Jim,Barkes,Male
440,sguiotc7,Id9NeWz9M,sguiotc7@ovh.net,Sascha,Guiot,Female
441,mewbanckc8,yM0N9grI5f,mewbanckc8@google.ru,Melissa,Ewbanck,Female
442,yflanniganc9,gCb5kqi79G,yflanniganc9@cafepress.com,Yul,Flannigan,Male
443,ehawesca,4y05LxqM0Zb,ehawesca@oakley.com,Estel,Hawes,Female
444,tgoldsbycb,vjwhi2Gn,tgoldsbycb@mail.ru,Templeton,Goldsby,Male
445,fbarkworthcc,nEDttwQ,fbarkworthcc@bizjournals.com,Frank,Barkworth,Female
446,kkunatcd,0bsC35y1,kkunatcd@w3.org,Kaycee,Kunat,Female
447,ssobtkace,AY5yvu,ssobtkace@seattletimes.com,Sander,Sobtka,Male
448,bchesselcf,82FWmqfFqP,bchesselcf@earthlink.net,Bart,Chessel,Male
449,krivallantcg,q60pFs9EBaW,krivallantcg@gravatar.com,Kelley,Rivallant,Female
450,njinkinch,CyIvMJgHBr8,njinkinch@bbb.org,Noland,Jinkin,Male
451,mgammettci,SmP0XZ5kazn,mgammettci@apple.com,Maressa,Gammett,Female
452,pbirchenoughcj,gdJXXTCIR,pbirchenoughcj@msu.edu,Park,Birchenough,Male
453,mtowlsonck,zKiFjWu,mtowlsonck@privacy.gov.au,Marianna,Towlson,Female
454,bcoathupcl,bTKiSbk,bcoathupcl@businessinsider.com,Belita,Coathup,Female
455,mgildeacm,hQLeu1,mgildeacm@stanford.edu,Miltie,Gildea,Male
456,tmeechercn,V73ZJimuTKdh,tmeechercn@forbes.com,Torr,Meecher,Male
457,rkilohco,V9RG3SuQ,rkilohco@sitemeter.com,Roldan,Kiloh,Male
458,bbagotcp,7nXNzObM4PnT,bbagotcp@census.gov,Brigitta,Bagot,Female
459,frawcliffecq,9MlwoR6SL,frawcliffecq@cloudflare.com,Fancy,Rawcliffe,Female
460,lolincr,KA0tfv,lolincr@pbs.org,Larisa,Olin,Female
461,bstroodcs,r6N0mM2T,bstroodcs@europa.eu,Bobette,Strood,Female
462,kkalinowskyct,OI5uOi,kkalinowskyct@ibm.com,Kikelia,Kalinowsky,Female
463,jreddickcu,T709vY,jreddickcu@typepad.com,Jacquelynn,Reddick,Female
464,cmcindrewcv,RiYPXhdI,cmcindrewcv@webmd.com,Carlynn,McIndrew,Female
465,svitlercw,21RnJrkP,svitlercw@seattletimes.com,Steffane,Vitler,Female
466,rpingstonecx,qA6QmCq,rpingstonecx@nature.com,Rockwell,Pingstone,Male
467,tmeuscy,HDMV7fFKF,tmeuscy@whitehouse.gov,Tally,Meus,Female
468,trickettcz,Q8W23hc,trickettcz@drupal.org,Turner,Rickett,Male
469,cbrinsond0,37peWP,cbrinsond0@bravesites.com,Clarita,Brinson,Female
470,hsellyd1,Wlnhvb1QQm,hsellyd1@blogtalkradio.com,Horace,Selly,Male
471,wtowsied2,2Vwh6b7UU,wtowsied2@liveinternet.ru,Whittaker,Towsie,Male
472,fetond3,zPL72GTzepk,fetond3@phoca.cz,Francesco,Eton,Male
473,frisdaled4,D3VIfuGHRAp,frisdaled4@creativecommons.org,Fionna,Risdale,Female
474,ahaywardd5,uCdQ9CK3v,ahaywardd5@wunderground.com,Alfred,Hayward,Male
475,ctroilletd6,ZXOquA,ctroilletd6@wordpress.com,Crystal,Troillet,Female
476,cfernihoughd7,7mLXcZfI0PC,cfernihoughd7@apache.org,Cassaundra,Fernihough,Female
477,bcheasmand8,RcVn1HZuAJtQ,bcheasmand8@mayoclinic.com,Bartel,Cheasman,Male
478,gcoopperd9,DjER5BJ9MI7,gcoopperd9@latimes.com,Godard,Coopper,Male
479,vsorensenda,SA7hvQlI2ZG,vsorensenda@tripadvisor.com,Venus,Sorensen,Female
480,pbussendb,mjJgGSp0MlW0,pbussendb@behance.net,Pebrook,Bussen,Male
481,fguthersondc,Gq41DzjumY,fguthersondc@netscape.com,Feliza,Gutherson,Female
482,sgarbettdd,T3TQtx,sgarbettdd@theatlantic.com,Shanon,Garbett,Female
483,tdaultonde,fxm9JB,tdaultonde@addthis.com,Terrel,Daulton,Male
484,wcragelldf,0Gox8o,wcragelldf@ibm.com,Waylin,Cragell,Male
485,gmacpeakedg,HydYWNESLsQ,gmacpeakedg@patch.com,Glyn,MacPeake,Female
486,fheppenspalldh,9eRFWkUx,fheppenspalldh@who.int,Fania,Heppenspall,Female
487,cgamblesdi,uRnm0BfA,cgamblesdi@prlog.org,Claudine,Gambles,Female
488,adugalldj,E52k51vO,adugalldj@google.co.jp,Adena,Dugall,Female
489,mconnickdk,4te7dq2,mconnickdk@businessinsider.com,Mikkel,Connick,Male
490,jespinasdl,ZnVYX9GUFB,jespinasdl@blog.com,Joni,Espinas,Female
491,cstallibrassdm,v69ziZBdsdYQ,cstallibrassdm@biglobe.ne.jp,Cirilo,Stallibrass,Male
492,hdegogaydn,ol3fidaYaa,hdegogaydn@tumblr.com,Hayley,De Gogay,Female
493,ewillarddo,UKMdGXGO3BpJ,ewillarddo@multiply.com,Emily,Willard,Female
494,acokelydp,RaKuKmyV,acokelydp@nih.gov,Anneliese,Cokely,Female
495,awallworkdq,LjcgEv,awallworkdq@vimeo.com,Annora,Wallwork,Female
496,cpinsentdr,L5qVteyXV,cpinsentdr@cisco.com,Cecily,Pinsent,Female
497,dveschids,FhCxetM,dveschids@t-online.de,Deina,Veschi,Female
498,laaronsohndt,6pqvmYnGzg,laaronsohndt@hugedomains.com,Lorettalorna,Aaronsohn,Female
499,gscinellidu,CYq5AUjaC,gscinellidu@census.gov,Guenevere,Scinelli,Female
500,astollendv,vo447MPLB6,astollendv@indiegogo.com,Alfreda,Stollen,Female
501,mtheussdw,IocW0xfWmO,mtheussdw@noaa.gov,Marnia,Theuss,Female
502,phuitsondx,AasJaItGqKb3,phuitsondx@w3.org,Perrine,Huitson,Female
503,cgosdindy,VJR2I9cSGAIJ,cgosdindy@nymag.com,Crysta,Gosdin,Female
504,kvokinsdz,CSLfU98sPj,kvokinsdz@acquirethisname.com,Koral,Vokins,Female
505,rlunne0,ZrqUCQ,rlunne0@patch.com,Roanne,Lunn,Female
506,tmcgeffene1,4LPDO5fd,tmcgeffene1@youku.com,Tiebold,McGeffen,Male
507,rmarcqe2,EiUVCFYlWxwz,rmarcqe2@npr.org,Ring,Marcq,Male
508,kfrighte3,sBhQss,kfrighte3@shutterfly.com,Kassia,Fright,Female
509,lcarlonee4,qtyZWzOb1,lcarlonee4@4shared.com,Lowrance,Carlone,Male
510,ogurrye5,0lTnHG4KPQ,ogurrye5@nyu.edu,Olympia,Gurry,Female
511,cmcamishe6,4cjBZVHL66,cmcamishe6@odnoklassniki.ru,Cherye,McAmish,Female
512,adriffee7,yM5c3JKjV,adriffee7@hugedomains.com,Abby,Driffe,Male
513,dfrankume8,k8cmhJpG4Kc,dfrankume8@goo.ne.jp,Domenico,Frankum,Male
514,lhalworthe9,G4rV7brS7S,lhalworthe9@sina.com.cn,Langsdon,Halworth,Male
515,esuttieea,8xQ7NKL3Xp,esuttieea@mtv.com,Eleanore,Suttie,Female
516,jrandalsoneb,gHI6jiyko,jrandalsoneb@wiley.com,Jerrome,Randalson,Male
517,gbartozziec,sDcoYK0lupwg,gbartozziec@admin.ch,Geoffrey,Bartozzi,Male
518,pbartleeted,kpyRLl,pbartleeted@blog.com,Paolina,Bartleet,Female
519,sbedhamee,0zb3qoLx7gQj,sbedhamee@patch.com,Shaina,Bedham,Female
520,pravilusef,53QUxezcWal,pravilusef@blogger.com,Phyllis,Ravilus,Female
521,cberroweg,HdSPHvHXU2,cberroweg@tripod.com,Carter,Berrow,Male
522,ueasterbrookeh,cSdiNrnsI,ueasterbrookeh@icio.us,Urbain,Easterbrook,Male
523,slembckeei,ZGik5ye,slembckeei@hugedomains.com,Scottie,Lembcke,Male
524,ericciej,8A30tV,ericciej@themeforest.net,Ediva,Ricci,Female
525,dcockshttek,0YQ50pttAb,dcockshttek@chron.com,Darelle,Cockshtt,Female
526,kdunnicoel,mSkfpnVdC,kdunnicoel@hp.com,Kalvin,Dunnico,Male
527,dgiorgeschiem,xzi4nZK,dgiorgeschiem@de.vu,Doralin,Giorgeschi,Female
528,aanyeneen,tcKc1JYEfj,aanyeneen@dyndns.org,Analiese,Anyene,Female
529,ependockeo,cb8rFtb,ependockeo@webs.com,Enrico,Pendock,Male
530,cchurchwardep,uXmL9M,cchurchwardep@51.la,Chaddie,Churchward,Male
531,ctilleq,jCCdVcys6h0,ctilleq@alexa.com,Cindra,Till,Female
532,arosenfelder,kwTXiR0,arosenfelder@dailymail.co.uk,Aharon,Rosenfeld,Male
533,hburbridgees,HS11eJW,hburbridgees@nationalgeographic.com,Hurlee,Burbridge,Male
534,vdrinanet,nQB4TXmF,vdrinanet@spotify.com,Valera,Drinan,Female
535,hblazewskieu,XiST0r5rgJdr,hblazewskieu@tamu.edu,Harcourt,Blazewski,Male
536,ocallwayev,PmDQJKHFaJjZ,ocallwayev@bluehost.com,Odelinda,Callway,Female
537,eleggettew,3UPvuh,eleggettew@marketwatch.com,Edgar,Leggett,Male
538,ageeritsex,ooP7kO7h,ageeritsex@reddit.com,Archibald,Geerits,Male
539,mrolley,xHaZ0B83I,mrolley@cbslocal.com,Meredeth,Roll,Male
540,dduguidez,FQ1c2qLJa3j,dduguidez@tmall.com,Diana,Duguid,Female
541,ballmanf0,yOeaaMpb,ballmanf0@mit.edu,Bartolomeo,Allman,Male
542,nschabenf1,DYLgNm7dhOaC,nschabenf1@bloglines.com,Norbie,Schaben,Male
543,rtorbetf2,P49ZGmJhPxdS,rtorbetf2@webs.com,Rea,Torbet,Female
544,lrubinowitzf3,k5n14Od6,lrubinowitzf3@phoca.cz,Lucia,Rubinowitz,Female
545,nannettf4,VbMCzUsCHw,nannettf4@sciencedirect.com,Nerita,Annett,Female
546,tflarityf5,93IqtbRkUnp,tflarityf5@thetimes.co.uk,Tucky,Flarity,Male
547,ggadmanf6,QRP6roVDgS,ggadmanf6@dot.gov,Gar,Gadman,Male
548,vdobblef7,8icURIlH0Cq,vdobblef7@fastcompany.com,Valli,Dobble,Female
549,cburmasterf8,JSNPTxmXv,cburmasterf8@is.gd,Currie,Burmaster,Male
550,mharrowf9,LdSnc7DcOn,mharrowf9@zdnet.com,Melvyn,Harrow,Male
551,khartzogfa,OsLKQhHtIO,khartzogfa@mail.ru,Kai,Hartzog,Female
552,lulsterfb,M8K4U714,lulsterfb@dagondesign.com,Lynna,Ulster,Female
553,osturneyfc,HsDFWY7KOJM,osturneyfc@un.org,Onfroi,Sturney,Male
554,sotierneyfd,M98tZro5D8C,sotierneyfd@businesswire.com,Sosanna,O'Tierney,Female
555,fpretsellfe,TPBR48as,fpretsellfe@si.edu,Farr,Pretsell,Male
556,solivasff,qU5DifrnABx,solivasff@tripod.com,Syd,Olivas,Male
557,dolrenshawfg,KehMujc,dolrenshawfg@angelfire.com,Douglass,Olrenshaw,Male
558,okeatesfh,ejaRqmHqMR0L,okeatesfh@paginegialle.it,Otis,Keates,Male
559,ewordsleyfi,or5hq9,ewordsleyfi@shinystat.com,Elga,Wordsley,Female
560,ocrackerfj,tLkv4mRNz,ocrackerfj@loc.gov,Oates,Cracker,Male
561,gflatherfk,Qj2pC1OPXu,gflatherfk@parallels.com,Gar,Flather,Male
562,jmcgarviefl,wsOjpEy32,jmcgarviefl@about.com,Jordan,McGarvie,Male
563,hohalleghanefm,EgzlCZmRs,hohalleghanefm@infoseek.co.jp,Hobie,O'Halleghane,Male
564,mwallingfn,G98UArOtffzH,mwallingfn@clickbank.net,Mychal,Walling,Male
565,fshobrookfo,4CuaRn5,fshobrookfo@taobao.com,Fred,Shobrook,Male
566,mgockelenfp,Mmas9HG,mgockelenfp@odnoklassniki.ru,Mychal,Gockelen,Male
567,mjenikfq,44FDwCL5uJdg,mjenikfq@tinypic.com,Marabel,Jenik,Female
568,smilleyfr,Rzux23,smilleyfr@mediafire.com,Shanna,Milley,Female
569,mgresonfs,0uOogp2L,mgresonfs@fda.gov,Maurizio,Greson,Male
570,vwalshft,91movsqrvJ,vwalshft@domainmarket.com,Victoria,Walsh,Female
571,kskillettfu,r0Tn9Se,kskillettfu@nih.gov,Kiri,Skillett,Female
572,feasterbyfv,dAQM4oX9H,feasterbyfv@baidu.com,Flint,Easterby,Male
573,egaskinfw,eCDLQH,egaskinfw@is.gd,Elka,Gaskin,Female
574,mshepeardfx,UwcWGNDE3eV,mshepeardfx@nps.gov,Marlin,Shepeard,Male
575,cantleyfy,j60szXWZcqN,cantleyfy@mayoclinic.com,Caresse,Antley,Female
576,jclemendetfz,j6MQQrL,jclemendetfz@nytimes.com,Justino,Clemendet,Male
577,tatcherleyg0,iAmzsolbgdp,tatcherleyg0@aboutads.info,Tanney,Atcherley,Male
578,slaceg1,qgvrnJBvq,slaceg1@mac.com,Sully,Lace,Male
579,bmckitterickg2,2qnL2a,bmckitterickg2@ed.gov,Batholomew,McKitterick,Male
580,rlynchg3,3jYFOY5h,rlynchg3@mail.ru,Renell,Lynch,Female
581,gjeandelg4,xA8u5xBNP0gQ,gjeandelg4@nba.com,Griswold,Jeandel,Male
582,nalisong5,Ro7LW9BinF,nalisong5@wiley.com,Nari,Alison,Female
583,ajolliffeg6,VyWP4D3Mvf,ajolliffeg6@dmoz.org,Archibold,Jolliffe,Male
584,aelnorg7,QPmo1GnMM,aelnorg7@addtoany.com,Amby,Elnor,Male
585,skopkeg8,mheFjG,skopkeg8@barnesandnoble.com,Sabina,Kopke,Female
586,cablesong9,e6xXEricc02,cablesong9@ted.com,Caroljean,Ableson,Female
587,smothersolega,EHJ6AY,smothersolega@about.com,Stephannie,Mothersole,Female
588,hvintgb,Ln22ScemP8,hvintgb@flavors.me,Harli,Vint,Female
589,rgrzelczakgc,Titw7U,rgrzelczakgc@hexun.com,Ron,Grzelczak,Male
590,lparlattgd,tqDZZama,lparlattgd@a8.net,Luciana,Parlatt,Female
591,aberkeryge,HYNqfm4x,aberkeryge@edublogs.org,Arlina,Berkery,Female
592,bsimoneschigf,VweeBYRD,bsimoneschigf@hp.com,Bennie,Simoneschi,Female
593,lshacklefordgg,unJVyoP0skgh,lshacklefordgg@furl.net,Lena,Shackleford,Female
594,lflamentgh,ZfW9SPG,lflamentgh@bandcamp.com,Lyndy,Flament,Female
595,kboswardgi,qdPlo15t51,kboswardgi@theglobeandmail.com,Karlie,Bosward,Female
596,aalderseagj,Ia74Ov1,aalderseagj@home.pl,Addy,Aldersea,Female
597,gkyndredgk,GNSXDcO3,gkyndredgk@tuttocitta.it,Gustie,Kyndred,Female
598,atottiegl,j8ybOcE7o9,atottiegl@bizjournals.com,Ammamaria,Tottie,Female
599,tnoddlegm,DqhRBDnVaWWz,tnoddlegm@stumbleupon.com,Thatch,Noddle,Male
600,jgilardonegn,rzEZU686kCXC,jgilardonegn@omniture.com,Jaquenette,Gilardone,Female
601,csantinogo,21HSnU,csantinogo@who.int,Cathe,Santino,Female
602,ahollindalegp,b7JqERfAgBVE,ahollindalegp@dropbox.com,Angelica,Hollindale,Female
603,gjanasgq,nwjUtXy,gjanasgq@sakura.ne.jp,Grazia,Janas,Female
604,balesingr,eUvLGKtMuXk,balesingr@simplemachines.org,Blakeley,Alesin,Female
605,pjimesgs,Hbwr9xW2AG,pjimesgs@a8.net,Packston,Jimes,Male
606,saskengt,CGExQWCILK,saskengt@cnn.com,Sandye,Asken,Female
607,dvanniekerkgu,qlniDP93L8,dvanniekerkgu@hhs.gov,Darb,Van Niekerk,Female
608,rshuttlewoodgv,Mezs0rB6uOHe,rshuttlewoodgv@microsoft.com,Remy,Shuttlewood,Female
609,aredsallgw,aQw0WMhc,aredsallgw@yellowbook.com,Amabel,Redsall,Female
610,mfeatherstonegx,30yrKa5Tlmf,mfeatherstonegx@opensource.org,Matty,Featherstone,Female
611,clabordegy,1XB2m3ED,clabordegy@t-online.de,Corby,Laborde,Male
612,cianninigz,1Ywbbh,cianninigz@desdev.cn,Cheslie,Iannini,Female
613,salloth0,dzbvgKfvRyEJ,salloth0@shareasale.com,Sephira,Allot,Female
614,bitzkovichh1,g7n0nezhNDH,bitzkovichh1@smugmug.com,Buddie,Itzkovich,Male
615,vvanyardh2,QZRBVR9Kj,vvanyardh2@huffingtonpost.com,Valenka,Vanyard,Female
616,mgeerdtsh3,QAAjh6Wxf,mgeerdtsh3@dyndns.org,Mischa,Geerdts,Male
617,scareth4,P2nVoa,scareth4@deviantart.com,Starlene,Caret,Female
618,aarsnellh5,rbrHS8U0,aarsnellh5@businessweek.com,Abe,Arsnell,Male
619,wgowanlockh6,ShJeEf,wgowanlockh6@cnet.com,Windham,Gowanlock,Male
620,fellistonh7,pOYTDpzPM28,fellistonh7@state.tx.us,Fedora,Elliston,Female
621,fmohunh8,TISU17t,fmohunh8@disqus.com,Farlay,Mohun,Male
622,bingonh9,iU0gSak,bingonh9@accuweather.com,Ber,Ingon,Male
623,zkenderdineha,1jIVLFl6,zkenderdineha@woothemes.com,Zahara,Kenderdine,Female
624,erosemanhb,LJxgyrMF,erosemanhb@list-manage.com,Elijah,Roseman,Male
625,hvasyaninhc,I2wn4izpp3O,hvasyaninhc@google.nl,Hayyim,Vasyanin,Male
626,cponsfordhd,LAoUKpOALyH,cponsfordhd@hugedomains.com,Constantino,Ponsford,Male
627,vsinniehe,cSWLR1YOl6dc,vsinniehe@elegantthemes.com,Vachel,Sinnie,Male
628,aruegghf,Q72seg,aruegghf@msn.com,Anthiathia,Ruegg,Female
629,kgillianhg,ViO3BC2bEOMV,kgillianhg@com.com,Kristopher,Gillian,Male
630,hbeldinghh,mCJU8j,hbeldinghh@dion.ne.jp,Herrick,Belding,Male
631,jmeadwayhi,XZEs2HjGs,jmeadwayhi@nymag.com,Jamie,Meadway,Male
632,vhindenbergerhj,emAvrMebyUJ,vhindenbergerhj@tiny.cc,Valentina,Hindenberger,Female
633,gverlindenhk,aU6yNB3,gverlindenhk@instagram.com,Gideon,Verlinden,Male
634,fsinkhl,pVcQy8Z,fsinkhl@nifty.com,Feliks,Sink,Male
635,bhaffnerhm,NG25iWeGWKf,bhaffnerhm@jigsy.com,Benedetto,Haffner,Male
636,msellnerhn,DBE2g6YEB3VT,msellnerhn@opera.com,Mata,Sellner,Male
637,fscimoniho,zKA8Nq672KW,fscimoniho@nps.gov,Fabio,Scimoni,Male
638,ifarncombhp,ZFBFoMvJ,ifarncombhp@dyndns.org,Ignacio,Farncomb,Male
639,kgilhooliehq,B6YKgT,kgilhooliehq@nymag.com,Kippy,Gilhoolie,Female
640,croyanshr,sC1ujoTAo,croyanshr@mapquest.com,Catherina,Royans,Female
641,alarouxhs,diTJ2Ens,alarouxhs@sina.com.cn,Andrey,Laroux,Male
642,lgatsbyht,Y40KowfrLW,lgatsbyht@state.tx.us,Lian,Gatsby,Female
643,sferrigehu,zZspaq79,sferrigehu@twitter.com,Stevy,Ferrige,Male
644,ebusselhv,bN06xLIeAS,ebusselhv@tamu.edu,Elinor,Bussel,Female
645,hledrunhw,TVGQlpH,hledrunhw@imgur.com,Hannis,Ledrun,Female
646,fmcarthx,bBSJUMKT,fmcarthx@gmpg.org,Flore,McArt,Female
647,nstileshy,SNB35dBxnmN,nstileshy@wisc.edu,Niels,Stiles,Male
648,isetterhz,3Wl0Mkvz,isetterhz@ameblo.jp,Idette,Setter,Female
649,hpadillai0,ymHPQnwqnCf,hpadillai0@tinypic.com,Harriott,Padilla,Female
650,crushi1,eZaak2TO4giO,crushi1@slashdot.org,Care,Rush,Male
651,ajimei2,aTEGPijRhA,ajimei2@google.es,Alisha,Jime,Female
652,vlangmuiri3,q9ys4IFdQ16,vlangmuiri3@taobao.com,Valerie,Langmuir,Female
653,dtrundelli4,UXs8idXSEi,dtrundelli4@microsoft.com,Dolley,Trundell,Female
654,rfyldesi5,1zKqVk36POj,rfyldesi5@fema.gov,Ripley,Fyldes,Male
655,blileyi6,z6bE3Ov,blileyi6@europa.eu,Brigida,Liley,Female
656,hiacopinii7,c1l0XZE8fSQa,hiacopinii7@earthlink.net,Heath,Iacopini,Male
657,fmcrinni8,oagQ8iufRFgW,fmcrinni8@rediff.com,Fons,McRinn,Male
658,gbooreri9,wxB8ITo8ad,gbooreri9@soup.io,Gilberto,Boorer,Male
659,edaintithia,klyiwcb4oIL,edaintithia@theguardian.com,Esteban,Daintith,Male
660,mtweedieib,7woawMfRZT3o,mtweedieib@delicious.com,Maible,Tweedie,Female
661,lmaddraic,gn9F3qY,lmaddraic@privacy.gov.au,Leontine,Maddra,Female
662,tleavyid,bOAqJYm,tleavyid@time.com,Talya,Leavy,Female
663,lwebbyie,vW0QS9H9E,lwebbyie@plala.or.jp,Lodovico,Webby,Male
664,cdorseyif,8bTs4RyLM,cdorseyif@canalblog.com,Clarance,Dorsey,Male
665,rlathayeig,G1UtJChYhC,rlathayeig@stumbleupon.com,Renell,Lathaye,Female
666,ehaslockeih,cbHFnc67g8no,ehaslockeih@prnewswire.com,Ealasaid,Haslock(e),Female
667,lcameliii,Bzf9Paj,lcameliii@goodreads.com,Leicester,Cameli,Male
668,scastroij,gADWBX9lvKJt,scastroij@shop-pro.jp,Shel,Castro,Female
669,jmilthorpeik,n7HBxL5u,jmilthorpeik@networksolutions.com,Jaquith,Milthorpe,Female
670,jpizzeyil,i5ZbHI,jpizzeyil@nba.com,Joelly,Pizzey,Female
671,rdresserim,qwwAQkd,rdresserim@woothemes.com,Rhodia,Dresser,Female
672,bdorinin,zSldqA6eIl,bdorinin@reference.com,Bobbye,Dorin,Female
673,gohegertieio,52Nlhz,gohegertieio@salon.com,Gabriela,O'Hegertie,Female
674,elubertoip,HOdEeHfgDp,elubertoip@guardian.co.uk,Estel,Luberto,Female
675,rhubbardiq,2CE8xbu4rL9F,rhubbardiq@psu.edu,Reinhold,Hubbard,Male
676,bmarrowir,MyQbmwkFIrcz,bmarrowir@1688.com,Boris,Marrow,Male
677,jrembrandtis,4czRl4Dj9T,jrembrandtis@360.cn,Jarrid,Rembrandt,Male
678,bkempit,e8aysdYeeI,bkempit@sciencedirect.com,Bevan,Kemp,Male
679,kmelsoniu,bF1qII4,kmelsoniu@biglobe.ne.jp,Karola,Melson,Female
680,lnevilleiv,Ai5rkztOd7e,lnevilleiv@friendfeed.com,Lion,Neville,Male
681,bsygroveiw,60wCq4tvGJAd,bsygroveiw@fotki.com,Bentlee,Sygrove,Male
682,vgetchix,d0SvI0,vgetchix@cyberchimps.com,Valina,Getch,Female
683,cdablingiy,WEYsXm,cdablingiy@nhs.uk,Caspar,Dabling,Male
684,rbeaumaniz,9OoOQG8IM,rbeaumaniz@huffingtonpost.com,Rachel,Beauman,Female
685,ayonniej0,PIEl8jx,ayonniej0@springer.com,Alard,Yonnie,Male
686,jrichemontj1,9Gk79Qi0Q,jrichemontj1@zdnet.com,Jimmie,Richemont,Male
687,bwagenenj2,qm3Cubd5oZi,bwagenenj2@bizjournals.com,Brittney,Wagenen,Female
688,rdarterj3,mO3YWmgi,rdarterj3@issuu.com,Raddy,Darter,Male
689,lmaffij4,E1vLU449MzBH,lmaffij4@chron.com,Lanny,Maffi,Female
690,espreagj5,uw0xWUG,espreagj5@umich.edu,Evania,Spreag,Female
691,apetersenj6,CqPT2ljD,apetersenj6@indiatimes.com,Alessandro,Petersen,Male
692,bdoughartiej7,LMd3z2Tx,bdoughartiej7@free.fr,Brandy,Doughartie,Male
693,kstubbingsj8,4LOqhZS7u,kstubbingsj8@home.pl,Korie,Stubbings,Female
694,kberrillj9,NQHgBzf,kberrillj9@marketwatch.com,Kriste,Berrill,Female
695,cpauloja,pJJL77,cpauloja@behance.net,Caryn,Paulo,Female
696,btheisjb,vEqGBy,btheisjb@utexas.edu,Blane,Theis,Male
697,plinehamjc,LpBnuznCJH,plinehamjc@indiegogo.com,Philomena,Lineham,Female
698,ksultanajd,IhJ3TsKeU,ksultanajd@tamu.edu,Kristine,Sultana,Female
699,gsirmondje,c8lJOo,gsirmondje@people.com.cn,Garik,Sirmond,Male
700,schallengerjf,nR8aB8iUU,schallengerjf@joomla.org,Say,Challenger,Male
701,dbarmadierjg,s9MdJZTkJ,dbarmadierjg@huffingtonpost.com,Darsie,Barmadier,Female
702,mcornelsjh,tnwKtx6,mcornelsjh@slate.com,Millisent,Cornels,Female
703,vsantoreji,f6nynu,vsantoreji@slideshare.net,Vinnie,Santore,Male
704,ljanteljj,HQVoDeIb,ljanteljj@wordpress.com,Leshia,Jantel,Female
705,idurbinjk,tt8XPqqUakx,idurbinjk@creativecommons.org,Inglebert,Durbin,Male
706,mmatschkejl,vt6VtXi,mmatschkejl@reddit.com,Mirella,Matschke,Female
707,rgammackjm,27NyUAd,rgammackjm@usgs.gov,Ruthy,Gammack,Female
708,aquarmbyjn,2KD8MZN,aquarmbyjn@nps.gov,Archy,Quarmby,Male
709,lairyjo,jP0Rej,lairyjo@pen.io,Lorilyn,Airy,Female
710,ndulenjp,yBoLkwv,ndulenjp@lycos.com,Nat,Dulen,Male
711,nbaurerichjq,Z4dknxZf,nbaurerichjq@blogtalkradio.com,Nap,Baurerich,Male
712,gthomasjr,L2eKCbH7fu,gthomasjr@guardian.co.uk,Garv,Thomas,Male
713,mbatchanjs,KIaFRs,mbatchanjs@ucla.edu,Merla,Batchan,Female
714,ccahalinjt,ukJlnd,ccahalinjt@pagesperso-orange.fr,Carlos,Cahalin,Male
715,srabjohnsju,JtUbA5A,srabjohnsju@archive.org,Simone,Rabjohns,Male
716,rchancellorjv,vzK2s31UGG7,rchancellorjv@mashable.com,Rosemary,Chancellor,Female
717,ebinneyjw,cBYI1JQ,ebinneyjw@time.com,Edyth,Binney,Female
718,fgarfathjx,Y7rRsfR,fgarfathjx@whitehouse.gov,Fairlie,Garfath,Male
719,drobichonjy,HuBT5Fp,drobichonjy@edublogs.org,Dinny,Robichon,Female
720,rcearleyjz,mAEqyj34,rcearleyjz@webs.com,Ralph,Cearley,Male
721,vmeiningenk0,LT6kUYX,vmeiningenk0@pagesperso-orange.fr,Vivyanne,Meiningen,Female
722,hcasollak1,LEhHdJlA,hcasollak1@vistaprint.com,Humbert,Casolla,Male
723,gslefordk2,hGMtDPOi,gslefordk2@illinois.edu,Gannie,Sleford,Male
724,ggennerk3,4JGIkQ0,ggennerk3@reuters.com,Gabie,Genner,Male
725,rklinerk4,gmNYtu,rklinerk4@tmall.com,Raphaela,Kliner,Female
726,edevaenk5,4fHtyp,edevaenk5@dot.gov,Erastus,de Vaen,Male
727,cchristiensenk6,QgFbRU,cchristiensenk6@telegraph.co.uk,Cosmo,Christiensen,Male
728,fcoddingtonk7,GmzYS4iUDV,fcoddingtonk7@amazon.co.uk,Fanni,Coddington,Female
729,balibonek8,KgOeakYvKDF,balibonek8@dion.ne.jp,Bary,Alibone,Male
730,marnizk9,PVNAcTu,marnizk9@prweb.com,Min,Arniz,Female
731,pkarolczykka,rUxUJArSU,pkarolczykka@domainmarket.com,Prudy,Karolczyk,Female
732,kbulledkb,D919tOwSFdM,kbulledkb@statcounter.com,Kit,Bulled,Male
733,tloviekc,eI1eVvQkJqh,tloviekc@bluehost.com,Teena,Lovie,Female
734,mpettittkd,1kMYs3gB,mpettittkd@imageshack.us,Marney,Pettitt,Female
735,aabryke,UlvFU7QTOZ8m,aabryke@vistaprint.com,Adiana,Abry,Female
736,bjoicekf,GGDvEN7,bjoicekf@infoseek.co.jp,Barr,Joice,Male
737,ebythwaykg,5UGxhX5lTxd,ebythwaykg@indiegogo.com,Edmon,Bythway,Male
738,pramsbothamkh,MUXwii,pramsbothamkh@godaddy.com,Piggy,Ramsbotham,Male
739,nallstonki,oz4rLpJ1p03,nallstonki@163.com,Nerissa,Allston,Female
740,omatoninkj,xxNh8jc5,omatoninkj@yelp.com,Onofredo,Matonin,Male
741,cvallentinkk,h5Mag4,cvallentinkk@bbc.co.uk,Catie,Vallentin,Female
742,baudreykl,9vDhLTPBC,baudreykl@usgs.gov,Buffy,Audrey,Female
743,aleacockkm,rkpv8ZLybSjy,aleacockkm@reddit.com,Andrej,Leacock,Male
744,gbetserkn,rOlep5EqG9R,gbetserkn@state.tx.us,Gerti,Betser,Female
745,zvittoreko,KI5Q87qR8U,zvittoreko@addtoany.com,Zita,Vittore,Female
746,eoffillkp,nfw7I2,eoffillkp@desdev.cn,Emlyn,Offill,Male
747,asweynsonkq,JIMfdBu1ar,asweynsonkq@economist.com,Alley,Sweynson,Male
748,gworrillkr,F4mXtaAQU,gworrillkr@4shared.com,Gabriello,Worrill,Male
749,gaberdeenks,GuPuh4IV,gaberdeenks@macromedia.com,Glenine,Aberdeen,Female
750,tsolomonideskt,tQi3R4BLA,tsolomonideskt@bloglovin.com,Trueman,Solomonides,Male
751,ldowseku,a3MEH7,ldowseku@sitemeter.com,Livvyy,Dowse,Female
752,arubinkv,NRybqyWl,arubinkv@dion.ne.jp,Alessandro,Rubin,Male
753,ctarbertkw,hZ1Qpw8bJqX,ctarbertkw@abc.net.au,Caryn,Tarbert,Female
754,nkennlerkx,sy5fGe,nkennlerkx@statcounter.com,Nadia,Kennler,Female
755,rdosdaleky,2qegxFW,rdosdaleky@squarespace.com,Roderick,Dosdale,Male
756,slionelkz,TxBHcnq3,slionelkz@webnode.com,Sarah,Lionel,Female
757,esandbachl0,4oaxYEm8zyH,esandbachl0@upenn.edu,Erna,Sandbach,Female
758,zpasseyl1,GISAl2KVKND,zpasseyl1@dmoz.org,Zebadiah,Passey,Male
759,nvearncombl2,52GK82Z8CY2u,nvearncombl2@sciencedirect.com,Nicole,Vearncomb,Female
760,ssmeadl3,8iYAxEA1lZM,ssmeadl3@senate.gov,Sergeant,Smead,Male
761,kgrisewoodl4,65nA7uNh,kgrisewoodl4@nbcnews.com,Kaiser,Grisewood,Male
762,eshirrelll5,mnjZrnbdl,eshirrelll5@si.edu,Eliot,Shirrell,Male
763,rmcinultyl6,1ASJdZyF0iz,rmcinultyl6@tmall.com,Red,McInulty,Male
764,dodyl7,6UK0r1,dodyl7@europa.eu,Doria,Ody,Female
765,aygoel8,sW0wa8c4Uh,aygoel8@jalbum.net,Ashli,Ygoe,Female
766,nwindebankl9,N5dHNWP9ze,nwindebankl9@csmonitor.com,Nissie,Windebank,Female
767,vedinburoughla,c7evDV,vedinburoughla@photobucket.com,Vin,Edinburough,Male
768,rfairhamlb,qDjAy9gce3mk,rfairhamlb@amazonaws.com,Raine,Fairham,Female
769,lgatenbylc,9MsUvT0s2x,lgatenbylc@amazon.de,Laverna,Gatenby,Female
770,omcvield,c4sQaWVnWA,omcvield@fotki.com,Ophelia,McVie,Female
771,astreeterle,3PAkfeIG,astreeterle@usatoday.com,Alair,Streeter,Male
772,hhargerielf,F2BwXTHUi,hhargerielf@digg.com,Hendrik,Hargerie,Male
773,dmellylg,JNleOD,dmellylg@yellowbook.com,Dulcy,Melly,Female
774,ohawksleylh,chnH7Od3D,ohawksleylh@netlog.com,Orland,Hawksley,Male
775,gshearmanli,cahuuPUPwIqd,gshearmanli@hexun.com,Gelya,Shearman,Female
776,mingerithlj,5bKWjh4hL,mingerithlj@theglobeandmail.com,Mace,Ingerith,Male
777,tskaselk,C5rJjYHNc,tskaselk@mlb.com,Tine,Skase,Female
778,wbradnamll,bLNshZmnu6rz,wbradnamll@mapy.cz,Wally,Bradnam,Male
779,mwalesalm,P2BulsPMLqqj,mwalesalm@omniture.com,Marillin,Walesa,Female
780,ipeasnoneln,mcXFXfmA,ipeasnoneln@adobe.com,Iggie,Peasnone,Male
781,kjansonlo,BlnXOGlL,kjansonlo@flickr.com,Krissy,Janson,Female
782,rpeddarlp,wtTDiw2DT,rpeddarlp@npr.org,Rudolph,Peddar,Male
783,iboiklq,vayrInvI,iboiklq@addtoany.com,Issi,Boik,Female
784,rreddanlr,yvMh4JHZy,rreddanlr@foxnews.com,Rudiger,Reddan,Male
785,bbosleyls,ViMklK3R,bbosleyls@webeden.co.uk,Brose,Bosley,Male
786,cbossomlt,Tsn3CXN6D,cbossomlt@digg.com,Casper,Bossom,Male
787,mgoodbannelu,9vcj0hlwgT,mgoodbannelu@themeforest.net,Maddy,Goodbanne,Female
788,ksmallridgelv,6YGUBX,ksmallridgelv@apple.com,Kenneth,Smallridge,Male
789,epelferlw,etBXTAmEi,epelferlw@techcrunch.com,Eada,Pelfer,Female
790,tguirardinlx,5VZKpbU,tguirardinlx@example.com,Tait,Guirardin,Male
791,fjopkely,1Y09bg,fjopkely@discuz.net,Farah,Jopke,Female
792,bfollilz,BiLfnt38SQS,bfollilz@narod.ru,Brandie,Folli,Female
793,efirmagem0,PjlFGnOu,efirmagem0@dailymotion.com,Elsinore,Firmage,Female
794,erosthornm1,3pjHAKogo,erosthornm1@whitehouse.gov,Elga,Rosthorn,Female
795,jyerrallm2,4I5zCdPu,jyerrallm2@archive.org,Jolee,Yerrall,Female
796,dgiraldonm3,hXNVwGE7TR3,dgiraldonm3@auda.org.au,Dania,Giraldon,Female
797,bdansiem4,hl5aGqw1QTx,bdansiem4@sciencedirect.com,Bridget,Dansie,Female
798,srobinettem5,uEV7tjZms,srobinettem5@reuters.com,Sherman,Robinette,Male
799,fsawerm6,mXeyf912M3dQ,fsawerm6@trellian.com,Friedrick,Sawer,Male
800,oadolfsenm7,qQTfn7M,oadolfsenm7@wikimedia.org,Orsola,Adolfsen,Female
801,fbackshawm8,O2Cqxa,fbackshawm8@plala.or.jp,Federico,Backshaw,Male
802,nfrim9,1Ql2bXyRa,nfrim9@army.mil,Nevile,Fri,Male
803,alittma,7l2TDh1Ve,alittma@virginia.edu,Ardyth,Litt,Female
804,vfranekmb,ZsVGNEwfrr,vfranekmb@newsvine.com,Vina,Franek,Female
805,ikermonmc,Q48FOnxmi8,ikermonmc@com.com,Imogen,Kermon,Female
806,darnaudonmd,GaqT6G,darnaudonmd@imageshack.us,Donovan,Arnaudon,Male
807,sprendergrassme,6tIeRefGSFuT,sprendergrassme@google.ca,Suki,Prendergrass,Female
808,dlebossemf,LEike5otFg2,dlebossemf@blog.com,De witt,Le Bosse,Male
809,kdomonimg,cEr3qHFjycXO,kdomonimg@ycombinator.com,Karlik,Domoni,Male
810,lbillinmh,zXqpDqkBvM,lbillinmh@boston.com,Lamond,Billin,Male
811,ctilburnmi,MeMyTI,ctilburnmi@cdc.gov,Charyl,Tilburn,Female
812,mengelbrechtmj,WM5dAMLz,mengelbrechtmj@yale.edu,Milton,Engelbrecht,Male
813,cdorranmk,pzywP7n5ecjT,cdorranmk@youku.com,Christen,Dorran,Female
814,ldowreyml,bHR5b4edUp,ldowreyml@meetup.com,Lexis,Dowrey,Female
815,jtrahmelmm,4QTx9RPH9vIX,jtrahmelmm@oracle.com,Jasmine,Trahmel,Female
816,fdentymn,TxBZJDipCl98,fdentymn@slideshare.net,Fonzie,Denty,Male
817,tportinarimo,OCm6Py,tportinarimo@chron.com,Trey,Portinari,Male
818,sdaftermp,QU9twGmgWiv,sdaftermp@ehow.com,Savina,Dafter,Female
819,aailwardmq,Exxz6Mux4W,aailwardmq@boston.com,Allene,Ailward,Female
820,ysidrymr,Ha5bqc7o,ysidrymr@youtu.be,Yolanthe,Sidry,Female
821,tcromlyms,3NmlPT,tcromlyms@shop-pro.jp,Tito,Cromly,Male
822,dkearmt,XLIJDy7tlpss,dkearmt@webeden.co.uk,Dolph,Kear,Male
823,adronmu,Pljb2xQjeM,adronmu@msu.edu,Aldus,Dron,Male
824,jgriffithmv,XWXQIMzLSh9V,jgriffithmv@mediafire.com,Jared,Griffith,Male
825,bwongmw,gIH7hwU,bwongmw@prweb.com,Baryram,Wong,Male
826,kkirszmx,4kLYTK,kkirszmx@github.com,Karlee,Kirsz,Female
827,mquiddintonmy,PnxKonRFD,mquiddintonmy@taobao.com,Melba,Quiddinton,Female
828,dcarrettmz,LxgBxCa,dcarrettmz@wikia.com,Demeter,Carrett,Female
829,mdondonn0,UzXjWRpiywl,mdondonn0@google.co.jp,Mona,Dondon,Female
830,cohanessiann1,WmgBLgM,cohanessiann1@baidu.com,Cchaddie,Ohanessian,Male
831,tyausn2,0uOUbujKjd,tyausn2@squarespace.com,Tristam,Yaus,Male
832,mnindn3,zZCIHKRvV6,mnindn3@prweb.com,Moise,Nind,Male
833,kasberyn4,lqOqk4WI83Q,kasberyn4@yandex.ru,Kelsi,Asbery,Female
834,lnettin5,gOGWNP,lnettin5@paginegialle.it,Lanie,Netti,Male
835,stilburyn6,bjyvCNilh,stilburyn6@mit.edu,Sig,Tilbury,Male
836,cglasspooln7,eSS41Jj,cglasspooln7@shutterfly.com,Channa,Glasspool,Female
837,amailen8,BMrljwCeHqM,amailen8@rambler.ru,Ase,Maile,Male
838,amacgeffenn9,3cmN3FIBeQkF,amacgeffenn9@cloudflare.com,Abraham,MacGeffen,Male
839,jlezemorena,zLJwC11P,jlezemorena@github.com,Johnathon,Lezemore,Male
840,gvigneronnb,3m5G3fTa0L,gvigneronnb@slashdot.org,Gordan,Vigneron,Male
841,adetocquevillenc,wKGCXiWg,adetocquevillenc@google.co.jp,Amandi,de Tocqueville,Female
842,wbuntennd,Tl5gS5w,wbuntennd@dailymail.co.uk,Waly,Bunten,Female
843,gmettsne,DBeNjg7UgC,gmettsne@over-blog.com,Gennie,Metts,Female
844,ksifflettnf,dL0M4zNTD8ny,ksifflettnf@ft.com,Kelsy,Sifflett,Female
845,ppenfoldng,BEW7ay,ppenfoldng@google.com.br,Padraig,Penfold,Male
846,elewinnh,XugxSgejEr,elewinnh@scientificamerican.com,Erroll,Lewin,Male
847,rlanghorni,uHATwinWf9e,rlanghorni@wordpress.com,Roderigo,Langhor,Male
848,tmattiellinj,2oxGZ4UU,tmattiellinj@trellian.com,Tarah,Mattielli,Female
849,hjurschnk,gQ72yab,hjurschnk@prweb.com,Hilario,Jursch,Male
850,gmcgarrellnl,4udEaDnrL,gmcgarrellnl@samsung.com,Ginger,McGarrell,Male
851,fgrimoldbynm,bvOoSBk,fgrimoldbynm@wikia.com,Fran,Grimoldby,Male
852,cbennikenn,xDSEr3qgHLSj,cbennikenn@miibeian.gov.cn,Chicky,Bennike,Male
853,cartinno,aC3WA5B,cartinno@lycos.com,Cullin,Artin,Male
854,lsarsonnp,lez6QSq6Xe5,lsarsonnp@webeden.co.uk,Linnell,Sarson,Female
855,pbollisnq,MyK0Hr0vi,pbollisnq@pcworld.com,Pierce,Bollis,Male
856,abattillnr,CoThj2OV6iB,abattillnr@chron.com,Agnola,Battill,Female
857,pdwyrns,6NReyUtVTuU,pdwyrns@printfriendly.com,Poul,Dwyr,Male
858,edallasnt,6mUCYjpM,edallasnt@amazonaws.com,Elissa,Dallas,Female
859,nbolternu,yAolPYrSF9F,nbolternu@constantcontact.com,Nan,Bolter,Female
860,mdymockenv,zLmKN1FTMRQA,mdymockenv@nba.com,Madella,Dymocke,Female
861,lshutlernw,lyzKPYs,lshutlernw@businesswire.com,Lizzy,Shutler,Female
862,sharropnx,gXiQ7SRD6AFI,sharropnx@usnews.com,Sigismundo,Harrop,Male
863,lstandevenny,qZ8gcx1V,lstandevenny@devhub.com,Lula,Standeven,Female
864,ndrinkhillnz,wXl1URLAV,ndrinkhillnz@freewebs.com,Nataline,Drinkhill,Female
865,hdanko0,5i20wN,hdanko0@symantec.com,Horten,Dank,Male
866,gklincko1,uyoeMrNSe,gklincko1@mtv.com,Gardner,Klinck,Male
867,aparrotto2,dC4Yr0BA,aparrotto2@ameblo.jp,Arte,Parrott,Male
868,slimero3,4rey1pMR,slimero3@uol.com.br,Sutherlan,Limer,Male
869,mtorryo4,X39diEJ0k,mtorryo4@icq.com,Muhammad,Torry,Male
870,mmcgauhyo5,dBhLD7,mmcgauhyo5@sciencedirect.com,Marlo,McGauhy,Female
871,abugdallo6,tON0EVz58eth,abugdallo6@slideshare.net,Alexi,Bugdall,Female
872,kblakelocko7,Fknbx2FGr,kblakelocko7@ocn.ne.jp,Kayne,Blakelock,Male
873,gsevero8,iJtehWiE70,gsevero8@oakley.com,Grayce,Sever,Female
874,pnicheo9,EJ2gTd,pnicheo9@who.int,Paige,Niche,Female
875,nphilpoa,bsNWKcV,nphilpoa@si.edu,Neal,Philp,Male
876,gmindenhallob,ns1lxbT,gmindenhallob@ed.gov,Grace,Mindenhall,Male
877,tsalmonioc,iJe03w3MF7,tsalmonioc@engadget.com,Tobiah,Salmoni,Male
878,rskullod,kTCAngC6rs,rskullod@gnu.org,Rory,Skull,Male
879,pchaytoroe,GB3PVqC,pchaytoroe@php.net,Purcell,Chaytor,Male
880,vsimioliof,a1kaAQ,vsimioliof@shutterfly.com,Vernen,Simioli,Male
881,cfaullog,vCEtz74SS,cfaullog@nymag.com,Conni,Faull,Female
882,ystappardoh,O2IQu2HF8,ystappardoh@wikipedia.org,Yuma,Stappard,Male
883,lcorneyoi,2eVU8Sa9m9,lcorneyoi@posterous.com,Luella,Corney,Female
884,bfranyoj,vWigopyeJVqf,bfranyoj@icio.us,Becca,Frany,Female
885,mwerrilowok,7EAxBk95nh,mwerrilowok@naver.com,Marvin,Werrilow,Male
886,ncrumleyol,rgZlsxDeF,ncrumleyol@va.gov,Niels,Crumley,Male
887,cboxallom,GLkTIcb,cboxallom@microsoft.com,Christian,Boxall,Male
888,rshutteon,9DncyjsUHA,rshutteon@tinyurl.com,Rosella,Shutte,Female
889,gknowldenoo,eZ8cUSWeUxN9,gknowldenoo@who.int,Glyn,Knowlden,Male
890,lladdsop,CeIStq,lladdsop@auda.org.au,Lynn,Ladds,Male
891,fwhitwhamoq,82gtweH,fwhitwhamoq@about.me,Florinda,Whitwham,Female
892,jwreyor,zjMtw0NrflX,jwreyor@webnode.com,Jamey,Wrey,Male
893,hsahlstromos,0zxDpDBfvC,hsahlstromos@bandcamp.com,Hersh,Sahlstrom,Male
894,crowlingot,KMOJy9,crowlingot@cdc.gov,Cecily,Rowling,Female
895,cglassardou,3Ng5spVXQiN,cglassardou@merriam-webster.com,Cori,Glassard,Female
896,eangerov,iS8N5VB,eangerov@mysql.com,Ewart,Anger,Male
897,amartineow,gHj2i10kzms7,amartineow@ted.com,Allyson,Martine,Female
898,lbeallox,2DMgQhrBczG,lbeallox@vimeo.com,Lew,Beall,Male
899,ameineroy,lfXtOtsjuM6O,ameineroy@liveinternet.ru,Adeline,Meiner,Female
900,pthundercliffeoz,9OXjTdIDL9,pthundercliffeoz@google.cn,Philippine,Thundercliffe,Female
901,tloftyp0,cUWhxsmEgL,tloftyp0@cbc.ca,Tymothy,Lofty,Male
902,dduminip1,UJC7zM,dduminip1@globo.com,Dar,Dumini,Male
903,apalayp2,7Y1TzkXMp9Nr,apalayp2@yellowpages.com,Audra,Palay,Female
904,dpattrickp3,uLqAoihq9,dpattrickp3@google.es,Doug,Pattrick,Male
905,dcarrellp4,0kRpUC,dcarrellp4@tripod.com,Delano,Carrell,Male
906,pjewsburyp5,YYJK9MYL4cS,pjewsburyp5@java.com,Pamelina,Jewsbury,Female
907,cmacalpinp6,Zcvx1YNQDu,cmacalpinp6@godaddy.com,Caty,MacAlpin,Female
908,bolagenp7,U1f0Z1vzm,bolagenp7@blinklist.com,Bobbye,O'Lagen,Female
909,rdoustp8,f0WgQE5Bb,rdoustp8@odnoklassniki.ru,Ramsey,Doust,Male
910,egatemanp9,oRWoAe,egatemanp9@businessinsider.com,Elyse,Gateman,Female
911,jmockerpa,I8VRGzE1h,jmockerpa@tinypic.com,Jandy,Mocker,Female
912,rserminpb,trVr0bST,rserminpb@adobe.com,Rianon,Sermin,Female
913,fambrosonipc,rWCUZLt86,fambrosonipc@state.gov,Federico,Ambrosoni,Male
914,epurcerpd,iR1FUYnbb,epurcerpd@instagram.com,Ellary,Purcer,Male
915,zhyndepe,8jBabfhBly,zhyndepe@tmall.com,Zackariah,Hynde,Male
916,rburchallpf,354s614GsJ,rburchallpf@oracle.com,Rosette,Burchall,Female
917,slawerencepg,fpGenkRPQr,slawerencepg@wp.com,Sylvan,Lawerence,Male
918,dgarvieph,SvfmNelE,dgarvieph@indiegogo.com,Drud,Garvie,Male
919,bfarrapi,yrkXnU9,bfarrapi@yahoo.co.jp,Brook,Farra,Female
920,mbelchempj,L1TVl75HvYEm,mbelchempj@patch.com,Marylin,Belchem,Female
921,bzealpk,gVYtSUpx,bzealpk@storify.com,Bari,Zeal,Female
922,ifurmongerpl,D3Rgx32c,ifurmongerpl@usgs.gov,Innis,Furmonger,Male
923,malvenpm,6HcrCz5,malvenpm@hud.gov,Maurise,Alven,Female
924,vyoudpn,isUFhrPDSMEx,vyoudpn@uiuc.edu,Viva,Youd,Female
925,bcrosherpo,YoHsyyni0AQ,bcrosherpo@instagram.com,Breena,Crosher,Female
926,buttleypp,Fptyu5p3XnT,buttleypp@hao123.com,Bridie,Uttley,Female
927,eproverpq,32X9heP,eproverpq@phoca.cz,Edouard,Prover,Male
928,cantognettipr,wP4K8RD8TLb,cantognettipr@issuu.com,Celestine,Antognetti,Female
929,namortps,JzwHo3MTBJp,namortps@usgs.gov,Norby,Amort,Male
930,alacept,wN0fsax8Q3wU,alacept@artisteer.com,Aldus,Lace,Male
931,ternipu,rHHkO1NGs,ternipu@google.com.hk,Tyrus,Erni,Male
932,bdearmanpv,ccumWlaVMHL,bdearmanpv@kickstarter.com,Blondell,Dearman,Female
933,sbattellpw,yN5hm9E,sbattellpw@parallels.com,Shepperd,Battell,Male
934,lryleypx,QY1nZxAfuZ,lryleypx@google.nl,Lambert,Ryley,Male
935,ameuspy,JoePqlf,ameuspy@upenn.edu,Andra,Meus,Female
936,mkielypz,htYH26Zs,mkielypz@boston.com,Marty,Kiely,Male
937,alinnettq0,5RQqY9J2,alinnettq0@ted.com,Alfredo,Linnett,Male
938,gstonallq1,TnQwdFt7IW,gstonallq1@usatoday.com,Gill,Stonall,Female
939,yklosq2,kvc0bk3Y,yklosq2@1688.com,Ynez,Klos,Female
940,amenhenittq3,sMyZ57Y2wD,amenhenittq3@people.com.cn,Abagael,Menhenitt,Female
941,bmibourneq4,3N9f5BlcXTuI,bmibourneq4@desdev.cn,Brandtr,Mibourne,Male
942,bvasinq5,6PO2HcvR,bvasinq5@baidu.com,Betsey,Vasin,Female
943,nsmewingq6,nPabmlX5j,nsmewingq6@linkedin.com,Nevsa,Smewing,Female
944,csealoveq7,bYX5Fe,csealoveq7@amazon.co.uk,Claudelle,Sealove,Female
945,efakeq8,Mdr9MNP,efakeq8@vimeo.com,Erhart,Fake,Male
946,cbaudoneq9,Vsi0bFsA3b,cbaudoneq9@redcross.org,Cooper,Baudone,Male
947,kpocockqa,ZUicv7Z0AI,kpocockqa@apple.com,Kinny,Pocock,Male
948,ssitwellqb,78ZHorhp,ssitwellqb@odnoklassniki.ru,Shelby,Sitwell,Female
949,bsnaryqc,nTn9Wvfxcya,bsnaryqc@soundcloud.com,Byron,Snary,Male
950,lpinckneyqd,Nb6SB5liUP,lpinckneyqd@technorati.com,Leanor,Pinckney,Female
951,svedyashkinqe,vHBLN1muT0z7,svedyashkinqe@rakuten.co.jp,Sloan,Vedyashkin,Male
952,bgillingwaterqf,F1ircYEj,bgillingwaterqf@reuters.com,Beau,Gillingwater,Male
953,wdimontqg,ParW5op,wdimontqg@berkeley.edu,Wally,Dimont,Female
954,afewqh,qonl135EI1i,afewqh@utexas.edu,Amaleta,Few,Female
955,emccrearyqi,IThO6AN,emccrearyqi@craigslist.org,Erica,McCreary,Female
956,rdosedaleqj,Y1CYdbCLX,rdosedaleqj@indiatimes.com,Ryun,Dosedale,Male
957,jcaleyqk,q8NtSv4kBI6j,jcaleyqk@edublogs.org,Janette,Caley,Female
958,glimeburnerql,FJH6GNU,glimeburnerql@wiley.com,Geraldine,Limeburner,Female
959,glidellqm,q5zIDaWtcY,glidellqm@about.com,Gardener,Lidell,Male
960,tsierqn,QuSkYvzQ5z,tsierqn@smugmug.com,Teddy,Sier,Female
961,esalvatoreqo,9pviPPZ7cSq,esalvatoreqo@about.me,Elianora,Salvatore,Female
962,glidgertwoodqp,kKJ9GHllhoQC,glidgertwoodqp@bloglines.com,Gib,Lidgertwood,Male
963,aphilpsqq,XjouWl,aphilpsqq@soundcloud.com,Alayne,Philps,Female
964,btrowlqr,1NplG4lSsK,btrowlqr@flickr.com,Borg,Trowl,Male
965,cmaffiniqs,I95CWZgT,cmaffiniqs@alibaba.com,Chic,Maffini,Male
966,vbellingerqt,Xdn0o4v3,vbellingerqt@scribd.com,Viola,Bellinger,Female
967,sdewiqu,2hhCZsezsF20,sdewiqu@live.com,Sidney,Dewi,Male
968,achorltonqv,52F0ag,achorltonqv@cmu.edu,Ardra,Chorlton,Female
969,thrycekqw,or4T45cCbFh,thrycekqw@answers.com,Teddy,Hrycek,Male
970,cchestnutqx,qz2V5fF,cchestnutqx@bandcamp.com,Corrie,Chestnut,Female
971,mphilipetqy,XUNdIaxqjq1N,mphilipetqy@booking.com,Melba,Philipet,Female
972,edahlbomqz,ycgNL9TWEt,edahlbomqz@barnesandnoble.com,Edan,Dahlbom,Male
973,bpatricksonr0,uCjfCcAeet,bpatricksonr0@psu.edu,Bell,Patrickson,Female
974,sbagehotr1,aKtg8sQhfQ3f,sbagehotr1@com.com,Shelby,Bagehot,Female
975,vkannr2,UhVALCK9e,vkannr2@toplist.cz,Veriee,Kann,Female
976,zlagadur3,8eX1g7R,zlagadur3@yellowbook.com,Zulema,Lagadu,Female
977,dkeninghamr4,VPkNrIrqtY,dkeninghamr4@mysql.com,Darcee,Keningham,Female
978,kivanichevr5,XcYkXY7q3py,kivanichevr5@redcross.org,Kendal,Ivanichev,Male
979,wkitchingmanr6,r8tq2nLRPSkG,wkitchingmanr6@dmoz.org,Winne,Kitchingman,Female
980,fbruggenr7,Tm4letKbPUVn,fbruggenr7@umich.edu,Felizio,Bruggen,Male
981,rfesbyr8,mndGwr,rfesbyr8@sohu.com,Roger,Fesby,Male
982,wdochertyr9,JeFUc8,wdochertyr9@theglobeandmail.com,Wynne,Docherty,Female
983,srotlaufra,YUFuI1WxIR,srotlaufra@nature.com,Sarah,Rotlauf,Female
984,gmerseyrb,O6n5J49j,gmerseyrb@nhs.uk,Glad,Mersey,Female
985,wlandsburyrc,mGsIH19,wlandsburyrc@mac.com,Welch,Landsbury,Male
986,mfishwickrd,ixxS5aINGz,mfishwickrd@google.co.uk,Mano,Fishwick,Male
987,kpikettre,y3coLAQSY,kpikettre@reference.com,Kassandra,Pikett,Female
988,bcreamerrf,sovIps,bcreamerrf@histats.com,Berkeley,Creamer,Male
989,blippinirg,wgvymRM,blippinirg@usnews.com,Bryant,Lippini,Male
990,dcarterrh,0yZCoXlyb,dcarterrh@theglobeandmail.com,Dory,Carter,Male
991,tcoskerryri,QjjB6C4,tcoskerryri@gizmodo.com,Thayne,Coskerry,Male
992,adobesonrj,e7agcQYGtUT,adobesonrj@sciencedaily.com,Ailbert,Dobeson,Male
993,emabbottrk,5GwVk9jTv,emabbottrk@oracle.com,Eziechiele,Mabbott,Male
994,afynnrl,l1AtED,afynnrl@nih.gov,Arlena,Fynn,Female
995,abarajasrm,zClAJzT,abarajasrm@sitemeter.com,Alane,Barajas,Female
996,cmalacridarn,NOjLD5,cmalacridarn@upenn.edu,Charis,Malacrida,Female
997,ckenwortheyro,9zSKLlxyqSM,ckenwortheyro@mlb.com,Conny,Kenworthey,Female
998,ajacobberp,M8kLqAAkjw,ajacobberp@free.fr,Addison,Jacobbe,Male
999,jhaffardrq,2MJDotJj,jhaffardrq@columbia.edu,Jard,Haffard,Male
1000,cvescorr,xukpHyK3,cvescorr@webs.com,Cheri,Vesco,Female
